Adj Close,Close,High,Low,Open,Volume
GRSE.NS,GRSE.NS,GRSE.NS,GRSE.NS,GRSE.NS,GRSE.NS
174.7562713623047,198.60000610351562,200.6999969482422,197.8000030517578,199.25,59447
184.61158752441406,209.8000030517578,212.6999969482422,196.14999389648438,198.0,591261
180.43186950683594,205.0500030517578,211.0,203.5,209.6999969482422,163765
170.1805419921875,193.39999389648438,204.0,192.0500030517578,204.0,292445
171.72047424316406,195.14999389648438,199.8000030517578,194.14999389648438,196.6999969482422,172449
169.69659423828125,192.85000610351562,194.9499969482422,187.8000030517578,192.5,136286
174.6682586669922,198.5,202.5,196.5500030517578,199.64999389648438,230986
176.47215270996094,200.5500030517578,206.0,198.5,198.5,223049
179.55194091796875,204.0500030517578,206.8000030517578,200.8000030517578,202.9499969482422,183924
186.23947143554688,211.64999389648438,216.1999969482422,203.0,204.9499969482422,628019
197.45872497558594,224.39999389648438,227.6999969482422,209.10000610351562,211.39999389648438,1105089
193.1470184326172,219.5,229.0,216.10000610351562,226.39999389648438,373352
191.82711791992188,218.0,224.0,215.4499969482422,220.0,279429
191.3431396484375,217.4499969482422,229.1999969482422,217.0,219.85000610351562,422728
189.36328125,215.1999969482422,219.14999389648438,214.10000610351562,216.85000610351562,134149
184.3476104736328,209.5,218.89999389648438,208.10000610351562,216.0,184750
179.72792053222656,204.25,210.9499969482422,202.5,208.60000610351562,193133
182.10374450683594,206.9499969482422,210.64999389648438,203.0,204.6999969482422,174085
180.9158477783203,205.60000610351562,211.6999969482422,205.0,206.4499969482422,112327
185.13955688476562,210.39999389648438,214.8000030517578,204.9499969482422,207.0,277575
188.1753692626953,213.85000610351562,219.39999389648438,211.9499969482422,213.0,277643
187.8233642578125,213.4499969482422,216.60000610351562,210.5,213.75,147637
186.9434051513672,212.4499969482422,217.0,211.25,216.6999969482422,134026
154.4736328125,175.5500030517578,185.0,163.5,180.3000030517578,889744
152.53775024414062,173.35000610351562,179.64999389648438,170.0,175.5500030517578,402316
158.96131896972656,180.64999389648438,183.0,173.5500030517578,173.5500030517578,284333
159.7972412109375,181.60000610351562,185.0500030517578,179.25,181.75,126261
158.34536743164062,179.9499969482422,183.35000610351562,178.10000610351562,182.60000610351562,96277
151.61383056640625,172.3000030517578,180.9499969482422,168.5500030517578,180.8000030517578,281403
152.36175537109375,173.14999389648438,175.5500030517578,170.1999969482422,170.1999969482422,129966
153.41770935058594,174.35000610351562,175.8000030517578,172.35000610351562,174.5,135908
152.1417694091797,172.89999389648438,175.89999389648438,170.6999969482422,174.9499969482422,175154
149.36996459960938,169.75,175.14999389648438,168.0500030517578,172.89999389648438,96010
145.0142364501953,164.8000030517578,170.75,159.60000610351562,169.75,181017
151.3938446044922,172.0500030517578,179.0,165.0500030517578,165.8000030517578,301732
161.7331085205078,183.8000030517578,185.89999389648438,173.0,173.0,326635
160.0172576904297,181.85000610351562,191.8000030517578,181.0,184.0,343340
153.28570556640625,174.1999969482422,186.85000610351562,173.10000610351562,180.0,192272
152.2737579345703,173.0500030517578,177.8000030517578,170.0,172.10000610351562,130264
150.86587524414062,171.4499969482422,173.89999389648438,170.1999969482422,173.89999389648438,283995
147.47811889648438,167.60000610351562,173.0,161.8000030517578,172.8000030517578,221809
134.14698791503906,152.4499969482422,163.85000610351562,151.14999389648438,160.0,257204
138.41470336914062,157.3000030517578,166.5,151.6999969482422,156.35000610351562,287970
145.14625549316406,164.9499969482422,166.0,156.0,159.85000610351562,111003
138.37071228027344,157.25,165.89999389648438,151.75,165.89999389648438,183815
136.17083740234375,154.75,162.10000610351562,153.10000610351562,158.39999389648438,156583
130.27523803710938,148.0500030517578,151.5,143.0500030517578,148.0,128014
126.2715072631836,143.5,148.0,135.8000030517578,136.9499969482422,277001
129.5712890625,147.25,154.0,143.0,143.5,192601
111.48849487304688,126.69999694824219,139.39999389648438,119.80000305175781,138.0,226694
119.80393981933594,136.14999389648438,137.85000610351562,102.0,110.0,196544
113.60037231445312,129.10000610351562,135.0,124.0999984741211,129.89999389648438,137494
115.5362319946289,131.3000030517578,135.0,124.25,130.10000610351562,103656
112.45643615722656,127.80000305175781,138.85000610351562,125.25,133.0,121138
120.99187469482422,137.5,149.9499969482422,120.0999984741211,123.0,393423
122.13579559326172,138.8000030517578,141.9499969482422,130.1999969482422,134.1999969482422,210478
106.95682525634766,121.55000305175781,130.0,116.05000305175781,126.0,119476
108.40869903564453,123.19999694824219,143.9499969482422,110.05000305175781,125.1500015258789,71572
111.53250122070312,126.75,128.75,119.0,120.5,61573
117.2376937866211,127.19999694824219,133.1999969482422,124.19999694824219,125.25,129580
123.68946075439453,134.1999969482422,137.5,122.19999694824219,131.6999969482422,233122
116.22384643554688,126.0999984741211,134.5,125.0,127.0999984741211,64814
125.90151977539062,136.60000610351562,139.0,127.19999694824219,128.0,204370
127.05359649658203,137.85000610351562,139.85000610351562,129.89999389648438,137.0,137201
131.15509033203125,142.3000030517578,147.6999969482422,133.4499969482422,138.0,192069
143.18301391601562,155.35000610351562,158.14999389648438,145.0500030517578,148.9499969482422,159051
140.64837646484375,152.60000610351562,166.60000610351562,149.35000610351562,154.0,174262
142.8604278564453,155.0,158.0,151.25,158.0,99638
144.7959442138672,157.10000610351562,164.5,154.1999969482422,163.1999969482422,138430
143.87425231933594,156.10000610351562,162.3000030517578,153.0500030517578,162.3000030517578,163310
141.52398681640625,153.5500030517578,160.39999389648438,152.0,156.0,105655
151.155517578125,164.0,168.3000030517578,155.6999969482422,157.39999389648438,411584
145.5332794189453,157.89999389648438,165.10000610351562,156.0,164.3000030517578,71478
140.1414794921875,152.0500030517578,157.39999389648438,150.3000030517578,154.6999969482422,85272
137.0537872314453,148.6999969482422,155.0,145.1999969482422,155.0,77317
137.65293884277344,149.35000610351562,153.5,146.1999969482422,147.10000610351562,65812
131.56982421875,142.75,150.89999389648438,141.89999389648438,148.5,59065
129.63429260253906,140.64999389648438,146.0,139.0500030517578,144.25,65827
127.3301010131836,138.14999389648438,144.25,136.4499969482422,141.9499969482422,90585
128.20570373535156,139.10000610351562,142.75,136.25,139.0,175059
126.82316589355469,137.60000610351562,143.8000030517578,136.25,141.0,112732
120.23316192626953,130.4499969482422,135.0,129.0,135.0,66605
135.30264282226562,146.8000030517578,155.8000030517578,131.25,133.0,1293651
132.9523468017578,144.25,152.39999389648438,141.4499969482422,150.0,458969
127.4683609008789,138.3000030517578,145.8000030517578,137.0,143.25,123792
126.77710723876953,137.5500030517578,142.0,136.10000610351562,139.14999389648438,105494
127.97528839111328,138.85000610351562,142.0,138.25,138.5,62774
126.77710723876953,137.5500030517578,139.4499969482422,134.1999969482422,139.4499969482422,58328
128.71261596679688,139.64999389648438,143.0,136.0,143.0,179596
126.96143341064453,137.75,139.6999969482422,137.5,138.89999389648438,45672
133.04452514648438,144.35000610351562,149.39999389648438,137.1999969482422,138.0500030517578,466973
127.3301010131836,138.14999389648438,148.0,135.10000610351562,147.9499969482422,398997
126.82316589355469,137.60000610351562,143.0,137.10000610351562,140.10000610351562,82104
127.92919921875,138.8000030517578,139.5500030517578,136.14999389648438,136.64999389648438,56774
128.43612670898438,139.35000610351562,142.60000610351562,138.8000030517578,141.3000030517578,111847
124.51898956298828,135.10000610351562,140.5,133.60000610351562,139.35000610351562,96664
123.64335632324219,134.14999389648438,137.5,133.10000610351562,136.0500030517578,55216
124.38072967529297,134.9499969482422,138.5,132.0500030517578,135.0500030517578,119575
126.82316589355469,137.60000610351562,139.75,135.10000610351562,135.5,101644
130.786376953125,141.89999389648438,143.8000030517578,136.5,137.0500030517578,184543
136.1321258544922,147.6999969482422,149.25,140.1999969482422,143.0,404623
138.20591735839844,149.9499969482422,153.75,146.85000610351562,149.35000610351562,414755
136.9155731201172,148.5500030517578,153.60000610351562,146.5,151.0,276792
137.4685821533203,149.14999389648438,151.9499969482422,145.64999389648438,149.0500030517578,169684
142.123046875,154.1999969482422,156.75,149.0,150.89999389648438,288781
142.26132202148438,154.35000610351562,164.0,152.4499969482422,163.0,505961
138.94325256347656,150.75,156.8000030517578,150.0,156.0,187070
154.427490234375,167.5500030517578,173.35000610351562,152.0,152.6999969482422,1505351
167.60752868652344,181.85000610351562,189.39999389648438,168.4499969482422,169.60000610351562,1861816
168.068359375,182.35000610351562,183.9499969482422,171.0,173.6999969482422,680478
172.58460998535156,187.25,191.1999969482422,176.3000030517578,182.35000610351562,672248
170.41860961914062,184.89999389648438,194.89999389648438,181.25,191.5,830986
183.18389892578125,198.75,201.8000030517578,185.35000610351562,187.6999969482422,1100773
183.55259704589844,199.14999389648438,206.35000610351562,196.10000610351562,200.25,570591
181.3866424560547,196.8000030517578,203.6999969482422,193.0,199.89999389648438,437267
194.24407958984375,210.75,217.1999969482422,197.85000610351562,201.6999969482422,733015
193.36846923828125,209.8000030517578,222.0,207.0,220.5,854433
189.08267211914062,205.14999389648438,212.0,200.14999389648438,210.0,468703
186.40980529785156,202.25,205.0,198.0500030517578,200.25,223589
194.79710388183594,211.35000610351562,214.0,203.0,203.6999969482422,352031
195.25790405273438,211.85000610351562,218.85000610351562,208.4499969482422,212.39999389648438,425440
197.70037841796875,214.5,216.4499969482422,212.1999969482422,213.85000610351562,428392
199.03680419921875,215.9499969482422,218.75,211.25,216.0,257475
200.37322998046875,217.39999389648438,224.8000030517578,215.4499969482422,216.75,380238
202.12445068359375,219.3000030517578,224.0,216.5,220.35000610351562,385429
205.3964080810547,222.85000610351562,225.8000030517578,215.60000610351562,220.0,473146
201.80184936523438,218.9499969482422,225.6999969482422,218.0,224.6999969482422,346034
198.9446563720703,215.85000610351562,227.14999389648438,214.0500030517578,219.85000610351562,935270
204.1060333251953,221.4499969482422,224.39999389648438,212.0500030517578,216.89999389648438,1398665
202.1705322265625,219.35000610351562,225.4499969482422,217.0500030517578,219.8000030517578,849089
197.7925567626953,214.60000610351562,221.8000030517578,212.25,220.4499969482422,402162
193.59890747070312,210.0500030517578,217.3000030517578,202.6999969482422,216.0,401058
183.46041870117188,199.0500030517578,212.9499969482422,196.5500030517578,212.0,301245
187.1471405029297,203.0500030517578,206.75,192.1999969482422,202.0,361773
190.28085327148438,206.4499969482422,212.5,201.0500030517578,204.0,623912
187.60797119140625,203.5500030517578,208.0500030517578,202.0,207.0,150088
183.32215881347656,198.89999389648438,204.85000610351562,196.60000610351562,203.64999389648438,354643
180.8797149658203,196.25,201.6999969482422,195.0500030517578,198.14999389648438,176926
182.4004669189453,197.89999389648438,203.3000030517578,197.0,197.0,287468
186.04110717773438,201.85000610351562,204.89999389648438,193.1999969482422,197.0,527764
187.5618896484375,203.5,208.8000030517578,200.0,203.60000610351562,425144
181.52488708496094,196.9499969482422,204.89999389648438,195.39999389648438,203.4499969482422,167674
188.06883239746094,204.0500030517578,204.5500030517578,196.5500030517578,196.9499969482422,186003
179.77371215820312,195.0500030517578,206.6999969482422,194.25,206.6999969482422,166125
179.68153381347656,194.9499969482422,198.35000610351562,193.5,195.0500030517578,107860
181.43270874023438,196.85000610351562,199.5500030517578,193.8000030517578,193.8000030517578,88555
196.82479858398438,213.5500030517578,216.9499969482422,198.1999969482422,199.5,957303
192.1702880859375,208.5,215.89999389648438,205.0500030517578,215.0,442935
192.7233123779297,209.10000610351562,212.0,206.4499969482422,209.5500030517578,215999
186.59413146972656,202.4499969482422,210.9499969482422,200.6999969482422,209.10000610351562,242638
200.00457763671875,217.0,221.8000030517578,208.25,212.0,785497
214.567138671875,232.8000030517578,239.0,217.5,219.9499969482422,2023815
210.18914794921875,228.0500030517578,243.0,225.0,237.0,1103629
215.6731414794922,234.0,236.39999389648438,221.5,229.10000610351562,564737
201.98619079589844,219.14999389648438,229.89999389648438,216.0,226.0,808993
196.50216674804688,213.1999969482422,225.0,212.10000610351562,215.0,338501
192.1702880859375,208.5,215.9499969482422,207.75,213.1999969482422,232087
197.28561401367188,214.0500030517578,215.4499969482422,210.0500030517578,210.0500030517578,394048
198.43771362304688,215.3000030517578,224.35000610351562,212.6999969482422,212.9499969482422,889296
197.0091094970703,213.75,218.5,208.5,217.0,458750
192.58506774902344,208.9499969482422,215.4499969482422,205.75,214.9499969482422,395382
192.4007110595703,208.75,214.6999969482422,208.1999969482422,211.1999969482422,314047
197.838623046875,214.64999389648438,219.89999389648438,209.14999389648438,209.1999969482422,428881
196.04132080078125,212.6999969482422,219.75,211.8000030517578,217.0,220333
196.6404571533203,213.35000610351562,216.0,209.89999389648438,214.75,534688
183.41433715820312,199.0,214.75,193.5,214.0,606825
180.6953582763672,196.0500030517578,202.64999389648438,191.5,198.10000610351562,237044
187.97665405273438,203.9499969482422,205.9499969482422,196.60000610351562,197.39999389648438,103489
188.8118896484375,203.4499969482422,208.0,202.5,205.89999389648438,107175
185.9813232421875,200.39999389648438,204.1999969482422,195.0,198.0,199458
179.90260314941406,193.85000610351562,201.3000030517578,193.14999389648438,201.3000030517578,194003
169.36923217773438,182.5,194.89999389648438,181.5,193.0,343944
168.71961975097656,181.8000030517578,183.1999969482422,175.10000610351562,177.35000610351562,244326
172.4782257080078,185.85000610351562,187.89999389648438,183.60000610351562,184.1999969482422,154606
166.95626831054688,179.89999389648438,184.39999389648438,178.0,183.0,197307
175.44798278808594,189.0500030517578,191.60000610351562,181.39999389648438,181.39999389648438,273245
174.14866638183594,187.64999389648438,193.0,185.5,189.8000030517578,211989
176.46881103515625,190.14999389648438,191.6999969482422,186.0,186.0,128706
171.03973388671875,184.3000030517578,190.4499969482422,181.10000610351562,190.0,119171
168.95162963867188,182.0500030517578,187.8000030517578,181.10000610351562,184.0,99413
161.99122619628906,174.5500030517578,185.0,173.0,182.5,134709
158.4646453857422,170.75,175.5,166.0500030517578,175.5,160690
160.50634765625,172.9499969482422,176.0,170.0500030517578,171.64999389648438,88684
157.86141967773438,170.10000610351562,172.75,168.10000610351562,171.25,94950
160.8311767578125,173.3000030517578,174.9499969482422,172.0,172.0,92693
170.2972869873047,183.5,184.64999389648438,172.6999969482422,175.9499969482422,243230
177.58248901367188,191.35000610351562,196.0,183.5,186.0,417811
200.7837677001953,216.35000610351562,219.4499969482422,191.0500030517578,193.4499969482422,2078913
203.8463134765625,219.64999389648438,227.5,212.10000610351562,217.0,1552051
203.19667053222656,218.9499969482422,223.8000030517578,216.3000030517578,219.64999389648438,650636
204.58876037597656,220.4499969482422,224.39999389648438,217.6999969482422,218.5,245311
201.29415893554688,216.89999389648438,221.8000030517578,216.0,217.5,175134
200.59811401367188,216.14999389648438,220.85000610351562,215.0,216.0,255799
201.5261688232422,217.14999389648438,219.89999389648438,216.3000030517578,217.89999389648438,120572
189.6935272216797,204.39999389648438,221.85000610351562,202.8000030517578,218.0,444707
184.8212890625,199.14999389648438,204.0,193.85000610351562,204.0,219255
186.16696166992188,200.60000610351562,207.0,195.0,200.14999389648438,133327
183.9860382080078,198.25,202.9499969482422,195.0,201.35000610351562,80160
183.42919921875,197.64999389648438,201.25,197.0,199.0,41355
179.94900512695312,193.89999389648438,199.0,193.0,198.64999389648438,79794
179.20657348632812,193.10000610351562,195.6999969482422,192.25,193.89999389648438,41384
178.69613647460938,192.5500030517578,196.0,192.0,193.9499969482422,94010
179.39218139648438,193.3000030517578,196.0,192.0,193.0,106904
184.21804809570312,198.5,203.9499969482422,195.64999389648438,200.3000030517578,224800
186.16696166992188,200.60000610351562,205.89999389648438,196.0,197.0,138090
182.037109375,196.14999389648438,203.89999389648438,195.35000610351562,201.4499969482422,152727
181.52671813964844,195.60000610351562,199.0,194.35000610351562,196.89999389648438,37170
179.7169952392578,193.64999389648438,195.39999389648438,192.1999969482422,192.1999969482422,27662
179.11376953125,193.0,196.75,192.0,193.89999389648438,25359
176.46881103515625,190.14999389648438,196.75,189.0500030517578,193.5500030517578,57682
176.09759521484375,189.75,193.14999389648438,189.10000610351562,191.5,52857
175.7263946533203,189.35000610351562,192.89999389648438,189.0,191.5,25299
176.14401245117188,189.8000030517578,192.89999389648438,189.3000030517578,190.0,60803
176.88644409179688,190.60000610351562,192.8000030517578,190.0,190.5,136959
178.0001220703125,191.8000030517578,193.89999389648438,191.0,192.0,41389
174.70553588867188,188.25,194.0,188.0,192.5,83322
175.77276611328125,189.39999389648438,192.35000610351562,188.5,188.89999389648438,61624
174.055908203125,187.5500030517578,190.5500030517578,187.0,190.3000030517578,64830
178.41770935058594,192.25,195.0,187.0,188.0,314957
179.11376953125,193.0,194.5500030517578,191.35000610351562,192.5,19121
178.41770935058594,192.25,197.0,191.60000610351562,194.0,86250
175.40155029296875,189.0,193.39999389648438,188.0,192.0,175490
181.71231079101562,195.8000030517578,197.39999389648438,188.0,188.89999389648438,423591
184.91409301757812,199.25,203.39999389648438,194.6999969482422,197.1999969482422,316846
181.8515167236328,195.9499969482422,204.0,195.14999389648438,200.75,173033
181.34109497070312,195.39999389648438,198.89999389648438,195.0,197.14999389648438,64615
179.48497009277344,193.39999389648438,201.0,192.5,197.0,131098
178.8817596435547,192.75,196.1999969482422,191.5,193.0500030517578,88514
179.39218139648438,193.3000030517578,197.39999389648438,192.89999389648438,196.8000030517578,74068
180.2738494873047,194.25,195.8000030517578,193.3000030517578,194.4499969482422,39558
179.39218139648438,193.3000030517578,195.39999389648438,192.0,194.9499969482422,78658
183.1508026123047,197.35000610351562,203.35000610351562,196.25,199.0,398892
182.5475616455078,196.6999969482422,203.0,195.0,197.35000610351562,284206
184.07884216308594,198.35000610351562,201.75,198.0,198.0,222349
182.1299285888672,196.25,200.39999389648438,195.0,198.5500030517578,103257
183.6148223876953,197.85000610351562,202.0,197.0,201.0,237731
182.3155517578125,196.4499969482422,201.60000610351562,195.75,198.39999389648438,343063
180.45941162109375,194.4499969482422,198.5,194.0,197.4499969482422,124972
182.1763153076172,196.3000030517578,201.8000030517578,194.60000610351562,195.8000030517578,472501
183.2899932861328,197.5,200.0,196.6999969482422,200.0,420001
199.57730102539062,215.0500030517578,218.39999389648438,196.10000610351562,198.5500030517578,2385547
189.87918090820312,204.60000610351562,218.8000030517578,204.0,217.39999389648438,626387
186.44537353515625,200.89999389648438,208.8000030517578,199.5,207.9499969482422,393844
175.54075622558594,189.14999389648438,206.1999969482422,186.3000030517578,201.0,269410
173.35984802246094,186.8000030517578,193.8000030517578,183.0,187.25,324552
180.96986389160156,195.0,196.0,187.64999389648438,187.64999389648438,459954
179.7169952392578,193.64999389648438,198.5,192.1999969482422,198.5,87351
186.44537353515625,200.89999389648438,202.0,195.0,195.35000610351562,359681
183.19717407226562,197.39999389648438,204.6999969482422,196.5,202.6999969482422,147397
181.34109497070312,195.39999389648438,198.5,194.39999389648438,198.10000610351562,204795
180.4130401611328,194.39999389648438,198.0500030517578,193.25,195.75,88462
187.32699584960938,201.85000610351562,203.39999389648438,194.8000030517578,195.5,420380
185.00686645507812,199.35000610351562,204.0,195.5500030517578,203.0,194738
182.1299285888672,196.25,199.89999389648438,195.5500030517578,199.0,203313
181.94432067871094,196.0500030517578,202.64999389648438,193.5,197.4499969482422,302024
181.10910034179688,195.14999389648438,198.14999389648438,194.64999389648438,197.8000030517578,137162
181.48031616210938,195.5500030517578,197.85000610351562,194.10000610351562,196.14999389648438,172165
181.66590881347656,195.75,199.5500030517578,195.0,196.9499969482422,162374
180.7378387451172,194.75,198.39999389648438,194.4499969482422,196.5,166217
180.3202362060547,194.3000030517578,197.5,193.60000610351562,195.60000610351562,126685
183.42919921875,197.64999389648438,205.8000030517578,194.4499969482422,195.39999389648438,1177184
181.48031616210938,195.5500030517578,201.60000610351562,194.6999969482422,198.5,249417
178.09291076660156,191.89999389648438,196.5500030517578,191.1999969482422,196.5,158509
178.18569946289062,192.0,197.1999969482422,191.60000610351562,193.10000610351562,137370
178.13931274414062,191.9499969482422,196.0,191.5,192.0,191408
174.38067626953125,187.89999389648438,195.5,182.3000030517578,193.6999969482422,530936
171.36453247070312,184.64999389648438,190.60000610351562,183.89999389648438,188.1999969482422,159563
170.94691467285156,184.1999969482422,187.39999389648438,182.39999389648438,186.0,91831
169.6476593017578,182.8000030517578,184.5,182.25,184.0,69693
163.3369140625,176.0,182.0,175.0,179.0,184466
167.5131378173828,180.5,181.8000030517578,178.5,181.8000030517578,133076
171.08612060546875,184.35000610351562,187.0,181.5,184.0,162989
174.14866638183594,187.64999389648438,189.89999389648438,185.0,185.10000610351562,135452
173.2206573486328,186.64999389648438,189.64999389648438,185.1999969482422,188.64999389648438,79252
175.44798278808594,189.0500030517578,191.3000030517578,185.1999969482422,186.6999969482422,103640
172.3854217529297,185.75,191.75,184.8000030517578,190.0,105306
188.25506591796875,202.85000610351562,208.0,185.5,186.6999969482422,1284570
182.686767578125,196.85000610351562,205.64999389648438,191.5,204.4499969482422,605323
179.4385986328125,193.35000610351562,199.85000610351562,192.3000030517578,198.0,187176
182.037109375,196.14999389648438,202.0,192.9499969482422,192.9499969482422,233315
183.9860382080078,198.25,200.0,194.0500030517578,196.89999389648438,134956
184.7284698486328,199.0500030517578,204.4499969482422,198.0500030517578,199.89999389648438,439150
184.0324249267578,198.3000030517578,201.14999389648438,195.0,200.0500030517578,140564
193.73329162597656,204.6999969482422,206.0,196.4499969482422,198.0,494234
192.40830993652344,203.3000030517578,205.6999969482422,200.0,205.0,478044
187.39224243164062,198.0,209.0,196.6999969482422,203.9499969482422,382851
188.05474853515625,198.6999969482422,208.3000030517578,196.75,198.89999389648438,506624
187.3449249267578,197.9499969482422,202.89999389648438,197.0,202.89999389648438,126481
189.0011749267578,199.6999969482422,204.0,195.0,198.5,103782
189.19046020507812,199.89999389648438,202.9499969482422,198.75,202.0500030517578,180101
187.43955993652344,198.0500030517578,201.5,194.0,195.0,143721
188.7172393798828,199.39999389648438,202.8000030517578,198.0,200.0,225738
199.69577026367188,211.0,217.39999389648438,200.0,200.8000030517578,1664745
203.24485778808594,214.75,217.39999389648438,207.5500030517578,211.85000610351562,601245
196.9984588623047,208.14999389648438,214.89999389648438,207.14999389648438,209.0,211541
191.74581909179688,202.60000610351562,213.14999389648438,200.0500030517578,205.10000610351562,216843
196.33595275878906,207.4499969482422,212.0,201.0,206.5,196085
192.9288330078125,203.85000610351562,208.5500030517578,202.10000610351562,206.5,120967
194.34848022460938,205.35000610351562,207.8000030517578,203.10000610351562,204.89999389648438,127744
196.66722106933594,207.8000030517578,213.9499969482422,205.39999389648438,206.39999389648438,444835
193.9225616455078,204.89999389648438,210.14999389648438,203.64999389648438,208.89999389648438,664942
191.74581909179688,202.60000610351562,209.6999969482422,201.25,206.5,128244
187.3449249267578,197.9499969482422,205.0,196.10000610351562,203.0,102749
179.7261962890625,189.89999389648438,201.0,189.0,199.10000610351562,159484
178.77976989746094,188.89999389648438,192.9499969482422,183.4499969482422,188.75,150680
181.14584350585938,191.39999389648438,198.0,190.0,192.0,213865
188.10203552246094,198.75,201.4499969482422,191.39999389648438,191.39999389648438,441256
182.1395721435547,192.4499969482422,197.8000030517578,192.0500030517578,197.8000030517578,97884
176.7922821044922,186.8000030517578,193.3000030517578,185.0,193.3000030517578,113098
180.10476684570312,190.3000030517578,191.9499969482422,185.85000610351562,188.10000610351562,209589
176.55569458007812,186.5500030517578,193.10000610351562,185.6999969482422,193.0,119482
174.94677734375,184.85000610351562,189.35000610351562,184.0,187.4499969482422,116427
180.3413848876953,190.5500030517578,193.0,185.8000030517578,185.8000030517578,121867
174.99404907226562,184.89999389648438,191.0,184.0,190.5500030517578,119897
175.84584045410156,185.8000030517578,188.4499969482422,184.0,185.8000030517578,168050
174.89942932128906,184.8000030517578,190.0,184.4499969482422,189.5,171686
176.7922821044922,186.8000030517578,188.39999389648438,185.5,185.75,78106
175.751220703125,185.6999969482422,189.5,185.0,187.5,102547
169.4574737548828,179.0500030517578,184.39999389648438,178.1999969482422,184.0,148306
167.61195373535156,177.10000610351562,182.64999389648438,176.0500030517578,180.0500030517578,124171
167.51731872558594,177.0,179.64999389648438,175.4499969482422,177.3000030517578,59789
170.9717559814453,180.64999389648438,185.9499969482422,177.14999389648438,177.14999389648438,239069
166.57090759277344,176.0,179.75,173.0500030517578,175.0,93525
167.04409790039062,176.5,180.14999389648438,175.75,178.0,54623
166.7601776123047,176.1999969482422,177.9499969482422,175.39999389648438,176.60000610351562,52510
166.8074951171875,176.25,179.5,175.10000610351562,175.10000610351562,48823
167.99053955078125,177.5,181.75,177.1999969482422,177.1999969482422,31483
168.0851593017578,177.60000610351562,180.6999969482422,176.5,178.3000030517578,82572
169.93067932128906,179.5500030517578,180.0,178.10000610351562,178.60000610351562,50399
170.1673126220703,179.8000030517578,182.3000030517578,178.0,180.60000610351562,67630
166.09765625,175.5,178.0,175.0500030517578,177.5,124242
164.86729431152344,174.1999969482422,177.89999389648438,173.64999389648438,175.5,186178
162.6432342529297,171.85000610351562,176.10000610351562,171.39999389648438,175.1999969482422,211586
165.19857788085938,174.5500030517578,176.8000030517578,171.14999389648438,173.89999389648438,209846
165.43516540527344,174.8000030517578,176.4499969482422,172.75,176.4499969482422,88870
161.83877563476562,171.0,176.25,170.35000610351562,175.5,370167
161.9333953857422,171.10000610351562,174.75,170.10000610351562,172.5,267905
167.8958740234375,177.39999389648438,180.1999969482422,171.1999969482422,171.89999389648438,712025
174.75746154785156,184.64999389648438,186.3000030517578,180.0,180.0,673015
168.36907958984375,177.89999389648438,187.75,177.39999389648438,186.1999969482422,280642
171.9181671142578,181.64999389648438,185.8000030517578,179.0,179.1999969482422,365584
168.70034790039062,178.25,181.8000030517578,173.3000030517578,174.89999389648438,566065
170.9717559814453,180.64999389648438,185.9499969482422,178.25,180.0,557358
175.98780822753906,185.9499969482422,188.39999389648438,182.5,182.5,1199933
175.56192016601562,185.5,189.35000610351562,185.0,188.0,336242
176.0824737548828,186.0500030517578,190.5,185.0,189.0,457632
174.75746154785156,184.64999389648438,188.1999969482422,184.0,187.3000030517578,161110
177.73870849609375,187.8000030517578,189.0,182.85000610351562,185.60000610351562,542811
174.89942932128906,184.8000030517578,189.4499969482422,184.4499969482422,188.6999969482422,215123
172.24942016601562,182.0,186.9499969482422,181.6999969482422,185.75,173268
170.07266235351562,179.6999969482422,183.25,179.0,182.0,197841
172.15478515625,181.89999389648438,188.6999969482422,181.1999969482422,184.89999389648438,514474
173.05389404296875,182.85000610351562,185.3000030517578,182.10000610351562,182.39999389648438,178650
175.751220703125,185.6999969482422,192.5,182.10000610351562,182.10000610351562,1139938
174.94677734375,184.85000610351562,187.89999389648438,183.5500030517578,187.0,236654
192.64491271972656,203.5500030517578,206.0,186.0,186.4499969482422,2820030
194.6324005126953,205.64999389648438,213.4499969482422,196.5,204.85000610351562,1923824
188.05474853515625,198.6999969482422,214.89999389648438,196.0,207.0,1220104
194.3957977294922,205.39999389648438,212.0,200.0,200.3000030517578,1280054
194.30113220214844,205.3000030517578,209.35000610351562,204.0500030517578,206.8000030517578,414233
190.42080688476562,201.1999969482422,206.0500030517578,197.5,205.89999389648438,518544
189.19046020507812,199.89999389648438,206.0,199.4499969482422,202.25,339895
193.0234832763672,203.9499969482422,207.0,197.0,200.89999389648438,602706
187.1083221435547,197.6999969482422,203.89999389648438,197.10000610351562,201.6999969482422,316376
183.7958221435547,194.1999969482422,200.6999969482422,192.75,198.6999969482422,225325
191.0832977294922,201.89999389648438,203.0,190.4499969482422,191.89999389648438,270103
191.6038360595703,202.4499969482422,206.64999389648438,199.5,203.0,462911
197.70828247070312,208.89999389648438,216.4499969482422,201.60000610351562,203.9499969482422,2904782
199.31719970703125,210.60000610351562,219.35000610351562,209.3000030517578,210.5,1527212
197.2823944091797,208.4499969482422,213.89999389648438,207.60000610351562,212.10000610351562,334599
194.5850830078125,205.60000610351562,210.10000610351562,205.0500030517578,209.85000610351562,283437
197.2823944091797,208.4499969482422,212.9499969482422,202.85000610351562,206.8000030517578,546875
192.78688049316406,203.6999969482422,209.89999389648438,202.5,209.89999389648438,212717
190.70472717285156,201.5,205.3000030517578,201.0,204.0,215471
193.8279266357422,204.8000030517578,209.5,202.0,202.9499969482422,630137
197.1404266357422,208.3000030517578,209.8000030517578,205.0500030517578,206.0,389706
191.6511688232422,202.5,210.1999969482422,201.10000610351562,209.0,280614
191.36721801757812,202.1999969482422,205.25,201.5,203.0,241175
189.09579467773438,199.8000030517578,204.25,198.0,202.9499969482422,374926
189.04847717285156,199.75,202.4499969482422,198.39999389648438,199.39999389648438,150820
188.33868408203125,199.0,202.4499969482422,198.39999389648438,201.6999969482422,205197
192.36097717285156,203.25,208.60000610351562,200.0,200.75,543001
194.5377655029297,205.5500030517578,209.1999969482422,201.3000030517578,203.6999969482422,459875
190.13687133789062,200.89999389648438,209.0,200.5500030517578,209.0,426610
190.42080688476562,201.1999969482422,204.14999389648438,200.0500030517578,201.89999389648438,228416
192.8815155029297,203.8000030517578,207.0,197.5,198.0,278591
188.669921875,199.35000610351562,206.89999389648438,199.0,204.9499969482422,214785
193.5440216064453,204.5,205.5,200.9499969482422,200.9499969482422,259143
192.1717071533203,203.0500030517578,205.4499969482422,202.0,205.25,136557
198.56005859375,209.8000030517578,211.85000610351562,199.5,203.64999389648438,1344820
196.52523803710938,207.64999389648438,212.4499969482422,205.0,210.6999969482422,650726
191.6511688232422,202.5,208.85000610351562,200.0500030517578,208.85000610351562,361082
189.09579467773438,199.8000030517578,204.75,199.25,204.75,216861
187.20297241210938,197.8000030517578,202.39999389648438,197.10000610351562,200.0,211133
186.44583129882812,197.0,200.0,196.5,198.10000610351562,172479
192.26632690429688,203.14999389648438,208.39999389648438,196.10000610351562,196.10000610351562,990084
188.953857421875,199.64999389648438,206.9499969482422,199.0,204.89999389648438,359860
189.04847717285156,199.75,200.60000610351562,197.5,199.6999969482422,167385
189.66368103027344,200.39999389648438,203.1999969482422,199.89999389648438,199.9499969482422,103798
187.81813049316406,198.4499969482422,201.39999389648438,198.0,200.39999389648438,86883
181.19314575195312,191.4499969482422,199.8000030517578,189.89999389648438,198.0,255924
176.60301208496094,186.60000610351562,192.4499969482422,181.39999389648438,190.0,269796
182.18690490722656,192.5,194.0,187.0,187.0,148467
180.86190795898438,191.10000610351562,195.3000030517578,190.25,192.25,87455
179.82083129882812,190.0,192.75,188.5,189.0,151812
176.93423461914062,186.9499969482422,191.0,184.35000610351562,190.75,191965
179.9154815673828,190.10000610351562,191.64999389648438,185.0,187.89999389648438,137238
175.23068237304688,185.14999389648438,190.0,184.0,188.1999969482422,125819
173.90567016601562,183.75,187.89999389648438,182.60000610351562,186.10000610351562,184255
175.08871459960938,185.0,188.75,183.0,184.6999969482422,187333
176.69764709472656,186.6999969482422,189.8000030517578,184.89999389648438,186.0,136289
175.65658569335938,185.60000610351562,187.64999389648438,184.5500030517578,186.6999969482422,203003
173.81101989746094,183.64999389648438,186.14999389648438,182.5500030517578,185.9499969482422,133248
175.70388793945312,185.64999389648438,188.0,183.9499969482422,188.0,168656
178.92172241210938,189.0500030517578,191.8000030517578,184.75,185.6999969482422,223749
180.3413848876953,190.5500030517578,192.89999389648438,189.5,191.39999389648438,127526
184.00721740722656,193.25,195.89999389648438,191.1999969482422,191.39999389648438,171000
185.5307159423828,194.85000610351562,197.35000610351562,190.0,194.39999389648438,185519
186.34002685546875,195.6999969482422,197.85000610351562,193.4499969482422,194.85000610351562,184170
186.911376953125,196.3000030517578,200.39999389648438,194.10000610351562,196.0,250875
185.6259307861328,194.9499969482422,198.5,194.0,197.25,76342
185.14984130859375,194.4499969482422,196.25,193.0500030517578,195.6999969482422,68550
184.5785369873047,193.85000610351562,200.1999969482422,193.5,200.0,249955
183.0550537109375,192.25,195.39999389648438,191.0500030517578,195.35000610351562,124926
183.67398071289062,192.89999389648438,195.25,192.5,193.25,146362
186.76853942871094,196.14999389648438,198.60000610351562,192.4499969482422,193.89999389648438,241979
184.86419677734375,194.14999389648438,197.8000030517578,192.89999389648438,197.3000030517578,112236
181.05548095703125,190.14999389648438,197.5,187.3000030517578,192.0,187269
182.24569702148438,191.39999389648438,192.75,188.0500030517578,188.25,74342
181.67440795898438,190.8000030517578,193.35000610351562,189.60000610351562,191.9499969482422,55544
183.34071350097656,192.5500030517578,194.1999969482422,191.10000610351562,191.10000610351562,70426
180.7698516845703,189.85000610351562,195.5,188.89999389648438,193.75,94225
181.38876342773438,190.5,192.64999389648438,189.5,190.8000030517578,41792
181.57920837402344,190.6999969482422,192.14999389648438,189.75,190.89999389648438,72270
181.57920837402344,190.6999969482422,193.4499969482422,189.39999389648438,189.89999389648438,81883
184.05484008789062,193.3000030517578,195.0,189.64999389648438,191.35000610351562,104529
177.91334533691406,186.85000610351562,193.0,185.5,192.14999389648438,394350
181.8172149658203,190.9499969482422,194.35000610351562,187.3000030517578,187.8000030517578,1635631
188.24440002441406,197.6999969482422,200.5,191.0,191.0,783268
185.86398315429688,195.1999969482422,204.1999969482422,193.60000610351562,198.9499969482422,636213
201.67002868652344,211.8000030517578,213.89999389648438,197.89999389648438,197.89999389648438,1868928
197.528076171875,207.4499969482422,215.5500030517578,206.89999389648438,215.0,970755
198.90872192382812,208.89999389648438,210.75,207.60000610351562,208.89999389648438,371891
215.61932373046875,226.4499969482422,234.3000030517578,207.8000030517578,210.25,4510036
215.61932373046875,226.4499969482422,239.3000030517578,224.10000610351562,227.4499969482422,1881639
210.3824005126953,220.9499969482422,236.0,219.5,228.1999969482422,660152
219.18997192382812,230.1999969482422,234.89999389648438,220.75,225.0,726416
206.3356475830078,216.6999969482422,233.0,215.0,233.0,693189
206.90696716308594,217.3000030517578,224.64999389648438,211.89999389648438,216.6999969482422,492502
213.90542602539062,224.64999389648438,227.5,216.5,218.89999389648438,643957
213.61978149414062,224.35000610351562,226.5,219.25,225.8000030517578,363321
211.2393341064453,221.85000610351562,229.0,213.5500030517578,225.0,440610
211.0013427734375,221.60000610351562,227.0,219.0500030517578,222.0,187252
212.57240295410156,223.25,226.5500030517578,219.14999389648438,222.35000610351562,434429
211.76304626464844,222.39999389648438,234.0,220.75,223.0500030517578,626313
208.81134033203125,219.3000030517578,225.8000030517578,216.14999389648438,222.0,279910
209.6682586669922,220.1999969482422,224.0,218.0,224.0,144071
215.09564208984375,225.89999389648438,227.5,218.0,220.1999969482422,311139
235.66258239746094,247.5,250.39999389648438,226.8000030517578,226.85000610351562,4133316
249.94512939453125,262.5,266.79998779296875,250.10000610351562,250.10000610351562,1687486
251.3258056640625,263.95001220703125,269.6000061035156,258.5,266.70001220703125,1873329
245.89840698242188,258.25,265.95001220703125,255.0,264.8999938964844,705013
240.4234161376953,252.5,267.3999938964844,250.6999969482422,258.25,908009
259.7525329589844,272.79998779296875,274.79998779296875,253.5500030517578,253.60000610351562,3030158
252.70645141601562,265.3999938964844,276.70001220703125,263.0,274.5,840486
246.94580078125,259.3500061035156,279.79998779296875,258.1000061035156,269.3999938964844,1480134
249.51666259765625,262.04998779296875,266.0,257.3999938964844,258.0,417262
241.6612548828125,253.8000030517578,264.25,250.6999969482422,260.70001220703125,315660
236.51951599121094,248.39999389648438,258.1499938964844,244.0,255.10000610351562,458717
220.0945587158203,231.14999389648438,254.25,228.6999969482422,248.6999969482422,800413
230.28280639648438,241.85000610351562,243.6999969482422,230.5,231.0,559410
227.42628479003906,238.85000610351562,245.0,236.85000610351562,243.85000610351562,280170
230.94932556152344,242.5500030517578,244.60000610351562,236.89999389648438,238.85000610351562,237843
216.1430206298828,227.0,241.5,225.64999389648438,239.9499969482422,529308
211.0013427734375,221.60000610351562,232.0,217.60000610351562,225.0500030517578,569865
210.76329040527344,221.35000610351562,228.60000610351562,218.25,223.6999969482422,243366
224.1888885498047,235.4499969482422,237.4499969482422,222.3000030517578,222.3000030517578,747684
224.9982452392578,236.3000030517578,239.75,232.10000610351562,234.8000030517578,295153
230.2351837158203,241.8000030517578,243.5500030517578,236.9499969482422,236.9499969482422,323888
229.14016723632812,240.64999389648438,248.4499969482422,238.39999389648438,241.8000030517578,331312
224.3317413330078,235.60000610351562,243.0,233.10000610351562,241.89999389648438,182739
228.61651611328125,240.10000610351562,242.8000030517578,236.5500030517578,236.8000030517578,150373
229.6162872314453,241.14999389648438,246.6999969482422,240.14999389648438,241.3000030517578,174575
226.90257263183594,238.3000030517578,243.89999389648438,237.0,240.89999389648438,100399
224.56979370117188,235.85000610351562,242.25,235.10000610351562,238.8000030517578,129748
222.47499084472656,233.64999389648438,237.85000610351562,233.0,234.64999389648438,81498
217.999755859375,228.9499969482422,237.64999389648438,227.1999969482422,233.10000610351562,142171
217.57130432128906,228.5,234.25,227.3000030517578,228.9499969482422,148402
209.9539031982422,220.5,229.5,219.4499969482422,229.5,217335
199.76568603515625,209.8000030517578,217.89999389648438,208.0,217.89999389648438,252827
204.9550323486328,215.25,218.5,207.25,210.5500030517578,167813
205.43109130859375,215.75,219.8000030517578,214.4499969482422,216.35000610351562,144152
206.28805541992188,216.64999389648438,223.0,215.25,216.1999969482422,124475
203.33633422851562,213.5500030517578,218.60000610351562,212.10000610351562,216.10000610351562,134149
200.1465301513672,210.1999969482422,212.8000030517578,203.1999969482422,212.8000030517578,128729
203.71719360351562,213.9499969482422,216.0,210.5500030517578,210.5500030517578,106575
209.57305908203125,220.10000610351562,223.4499969482422,214.25,215.0500030517578,221342
208.57327270507812,219.0500030517578,222.5500030517578,218.0,219.9499969482422,78824
212.66761779785156,223.35000610351562,226.0,218.10000610351562,218.10000610351562,138566
213.04847717285156,223.75,227.64999389648438,222.85000610351562,223.0,134455
214.3815155029297,225.14999389648438,227.6999969482422,220.75,225.0,151163
220.47543334960938,231.5500030517578,232.5,222.0500030517578,226.25,300591
219.7136688232422,230.75,233.89999389648438,227.3000030517578,228.89999389648438,166734
249.23101806640625,261.75,274.0,229.89999389648438,230.75,7235590
237.4716796875,249.39999389648438,261.25,248.0,256.0,1507828
236.09104919433594,247.9499969482422,256.5,245.75,251.0,590341
243.8036346435547,256.04998779296875,259.54998779296875,248.0,250.3000030517578,618352
241.75645446777344,253.89999389648438,259.45001220703125,251.4499969482422,257.29998779296875,271783
239.8045196533203,251.85000610351562,258.20001220703125,248.10000610351562,252.0500030517578,278450
236.80516052246094,248.6999969482422,259.0,247.6999969482422,251.75,361411
230.09234619140625,241.64999389648438,252.39999389648438,240.10000610351562,250.3000030517578,198164
236.7099609375,248.60000610351562,250.0,238.14999389648438,241.64999389648438,255787
234.71038818359375,246.5,251.89999389648438,244.60000610351562,249.0,181132
228.6641082763672,240.14999389648438,246.6999969482422,237.25,245.4499969482422,144774
217.523681640625,228.4499969482422,241.25,225.0,241.25,226100
221.4752197265625,232.60000610351562,235.25,220.25,229.39999389648438,190387
221.37998962402344,232.5,235.10000610351562,227.5500030517578,229.9499969482422,154367
226.66455078125,238.0500030517578,243.9499969482422,232.0,232.0,230788
229.9019317626953,241.4499969482422,247.14999389648438,238.25,240.6999969482422,284155
224.14126586914062,235.39999389648438,247.3000030517578,234.0,243.9499969482422,338419
226.56930541992188,237.9499969482422,240.0,237.1999969482422,237.1999969482422,108728
234.23431396484375,246.0,249.9499969482422,238.14999389648438,238.9499969482422,467204
233.56781005859375,245.3000030517578,249.5,242.1999969482422,246.10000610351562,156942
232.94886779785156,244.64999389648438,246.9499969482422,240.10000610351562,244.39999389648438,127771
231.42539978027344,243.0500030517578,247.35000610351562,240.0,245.9499969482422,162884
227.283447265625,238.6999969482422,246.75,238.0,243.0,117380
226.33126831054688,237.6999969482422,239.6999969482422,235.60000610351562,236.64999389648438,99332
226.9501953125,238.35000610351562,240.5,235.1999969482422,235.1999969482422,128902
213.71499633789062,224.4499969482422,238.25,221.5500030517578,238.25,208938
217.90455627441406,228.85000610351562,230.0,220.0,227.9499969482422,170771
221.52279663085938,232.64999389648438,234.9499969482422,227.85000610351562,228.85000610351562,122332
217.09523010253906,228.0,234.0,226.0500030517578,232.5500030517578,54903
213.95303344726562,224.6999969482422,230.4499969482422,223.0,228.0,71803
210.52523803710938,221.10000610351562,224.6999969482422,218.35000610351562,224.6999969482422,152342
205.314453125,210.8000030517578,215.0,206.0,214.8000030517578,237947
213.9828338623047,219.6999969482422,223.35000610351562,210.0,210.0,166900
198.78880310058594,204.10000610351562,214.64999389648438,199.0,211.0,420294
213.64193725585938,219.35000610351562,223.9499969482422,210.8000030517578,211.0,511597
212.86276245117188,218.5500030517578,220.75,213.4499969482422,213.6999969482422,108565
219.19361877441406,225.0500030517578,227.3000030517578,216.1999969482422,217.89999389648438,203492
219.3397216796875,225.1999969482422,229.0,222.9499969482422,226.1999969482422,88198
221.67726135253906,227.60000610351562,231.5500030517578,222.64999389648438,223.89999389648438,139222
217.87875366210938,223.6999969482422,227.14999389648438,218.5500030517578,220.0,212797
224.0148162841797,230.0,233.9499969482422,223.35000610351562,224.8000030517578,154863
222.16424560546875,228.10000610351562,235.3000030517578,226.35000610351562,235.3000030517578,66577
221.7259521484375,227.64999389648438,233.0500030517578,226.0,232.10000610351562,88178
224.7452850341797,230.75,233.5,225.10000610351562,227.3000030517578,49688
220.75198364257812,226.64999389648438,233.0,225.5,231.39999389648438,64198
211.20700073242188,216.85000610351562,228.10000610351562,215.10000610351562,227.8000030517578,159055
224.6479034423828,230.64999389648438,232.89999389648438,218.9499969482422,219.0,352744
230.44305419921875,236.60000610351562,244.0,228.75,231.5,479857
226.6932373046875,232.75,241.89999389648438,230.3000030517578,241.89999389648438,117890
228.54380798339844,234.64999389648438,238.6999969482422,230.35000610351562,232.0,131121
226.98544311523438,233.0500030517578,238.5,232.0,234.64999389648438,91131
225.08619689941406,231.10000610351562,243.75,229.1999969482422,231.6999969482422,398792
221.774658203125,227.6999969482422,234.60000610351562,226.35000610351562,231.10000610351562,184843
217.8300323486328,223.64999389648438,227.64999389648438,221.0,226.0500030517578,146915
219.77801513671875,225.64999389648438,229.60000610351562,222.1999969482422,223.75,164951
219.8754119873047,225.75,231.0,225.0,226.8000030517578,91011
220.80067443847656,226.6999969482422,232.0500030517578,224.5,224.5,152587
224.7939910888672,230.8000030517578,234.60000610351562,225.89999389648438,226.0,114227
238.86795043945312,245.25,254.25,237.0,239.39999389648438,1327772
243.7865447998047,250.3000030517578,257.20001220703125,244.1999969482422,246.6999969482422,747955
240.42633056640625,246.85000610351562,253.9499969482422,244.89999389648438,245.89999389648438,310528
237.406982421875,243.75,262.5,242.0,249.25,912896
245.3448944091797,251.89999389648438,256.75,243.0,245.64999389648438,624570
263.6557312011719,270.70001220703125,275.95001220703125,253.5,253.8000030517578,1931417
304.6114196777344,312.75,319.3500061035156,263.0,272.0,12462892
289.3199462890625,297.04998779296875,312.79998779296875,293.6000061035156,308.0,2858143
296.7221984863281,304.6499938964844,316.6499938964844,288.75,297.5,3142567
279.531494140625,287.0,313.75,276.75,306.79998779296875,1349664
282.59954833984375,290.1499938964844,297.0,276.70001220703125,284.1499938964844,1019484
302.37127685546875,310.45001220703125,319.3999938964844,293.0,293.6000061035156,3215330
309.5787048339844,317.8500061035156,333.0,306.04998779296875,308.79998779296875,3562394
291.90106201171875,299.70001220703125,321.70001220703125,298.1000061035156,317.0,876123
296.5761413574219,304.5,312.70001220703125,301.5,305.0,559584
290.3426513671875,298.1000061035156,309.0,292.20001220703125,300.1000061035156,494669
283.8170166015625,291.3999938964844,304.8500061035156,290.1000061035156,300.20001220703125,322695
276.31744384765625,283.70001220703125,298.0,282.5,294.3500061035156,412767
282.5021667480469,290.04998779296875,297.29998779296875,284.0,284.0,519248
271.6910095214844,278.95001220703125,294.79998779296875,273.1499938964844,290.25,569786
274.7590637207031,282.1000061035156,291.75,278.0,283.8500061035156,430692
269.2560729980469,276.45001220703125,286.45001220703125,272.5,278.79998779296875,487907
266.2367248535156,273.3500061035156,277.8999938964844,265.8500061035156,274.20001220703125,460972
274.8077392578125,282.1499938964844,287.0,274.25,274.25,786949
273.833740234375,281.1499938964844,284.0,258.0,281.0,684137
271.9344787597656,279.20001220703125,282.5,271.0,275.0,484516
276.07391357421875,283.45001220703125,294.20001220703125,281.1499938964844,284.75,344041
270.3761291503906,277.6000061035156,287.8500061035156,274.1000061035156,284.8999938964844,257062
297.5500793457031,305.5,307.8999938964844,279.25,279.8999938964844,1009213
292.1932373046875,300.0,306.70001220703125,297.54998779296875,306.70001220703125,506243
281.28466796875,288.79998779296875,296.0,283.5,292.3999938964844,284349
301.4460144042969,309.5,316.79998779296875,291.20001220703125,291.20001220703125,1323240
302.5173645019531,310.6000061035156,324.3999938964844,305.70001220703125,312.0,728086
295.2612609863281,303.1499938964844,314.79998779296875,297.45001220703125,311.79998779296875,448297
261.22076416015625,268.20001220703125,306.8999938964844,256.0,304.0,1477095
250.70176696777344,257.3999938964844,273.8999938964844,248.3000030517578,270.04998779296875,668960
259.6623840332031,266.6000061035156,269.79998779296875,262.1000061035156,262.1000061035156,371477
257.2274169921875,264.1000061035156,272.6499938964844,262.5,269.1000061035156,270787
252.6497344970703,259.3999938964844,270.70001220703125,258.0,263.79998779296875,329116
247.43898010253906,254.0500030517578,263.8999938964844,253.0,260.0,503045
252.45497131347656,259.20001220703125,260.6499938964844,253.0,254.0,249294
248.8512420654297,255.5,265.20001220703125,254.0,261.54998779296875,245102
239.35496520996094,245.75,256.70001220703125,245.0,255.10000610351562,225346
243.20216369628906,249.6999969482422,256.5,245.85000610351562,246.89999389648438,514338
237.65049743652344,244.0,250.0,243.0,248.5,184565
235.31295776367188,241.60000610351562,243.9499969482422,239.35000610351562,243.9499969482422,182828
232.14752197265625,238.35000610351562,243.89999389648438,236.10000610351562,239.39999389648438,153412
219.6319122314453,225.5,235.3000030517578,223.5,235.3000030517578,230158
224.5504913330078,230.5500030517578,234.8000030517578,222.0,222.0,330308
223.43040466308594,229.39999389648438,232.85000610351562,227.0,230.5,135085
213.30105590820312,219.0,234.4499969482422,215.60000610351562,230.89999389648438,258350
216.3690643310547,222.14999389648438,226.1999969482422,215.0,218.0,252858
205.36314392089844,210.85000610351562,224.8000030517578,207.6999969482422,223.25,240877
215.1029052734375,220.85000610351562,223.0,211.9499969482422,211.9499969482422,181549
207.7493896484375,213.3000030517578,221.3000030517578,211.25,220.8000030517578,176918
212.47317504882812,218.14999389648438,222.5,213.0,214.4499969482422,146836
223.8687286376953,229.85000610351562,231.64999389648438,219.6999969482422,219.8000030517578,309147
219.8267059326172,225.6999969482422,234.0,224.0500030517578,233.64999389648438,193903
232.63450622558594,238.85000610351562,241.85000610351562,225.14999389648438,229.39999389648438,360369
225.67056274414062,231.6999969482422,237.0,230.75,235.8000030517578,131623
218.31703186035156,224.14999389648438,233.0,223.0500030517578,232.0,113679
214.81072998046875,220.5500030517578,226.10000610351562,218.4499969482422,222.0,185514
218.65792846679688,224.5,226.5,220.60000610351562,221.0,87598
220.7032928466797,226.60000610351562,233.6999969482422,225.5,225.64999389648438,182074
231.80661010742188,238.0,239.5,226.64999389648438,227.75,340355
231.90403747558594,238.10000610351562,243.0,234.39999389648438,239.6999969482422,162118
234.290283203125,240.5500030517578,251.60000610351562,237.0500030517578,239.89999389648438,232077
231.07614135742188,237.25,242.0,236.3000030517578,239.0,83999
239.79324340820312,246.1999969482422,248.0,236.10000610351562,237.9499969482422,366682
234.04678344726562,240.3000030517578,248.60000610351562,239.5,248.0,286099
221.67726135253906,227.60000610351562,237.39999389648438,225.0,235.0,473988
228.00811767578125,234.10000610351562,235.5,223.5,227.60000610351562,510930
229.12820434570312,235.25,237.35000610351562,232.10000610351562,234.10000610351562,187564
240.52371215820312,246.9499969482422,247.6999969482422,232.0500030517578,232.0500030517578,410392
242.86129760742188,249.35000610351562,254.0,240.14999389648438,246.85000610351562,477995
247.0006866455078,253.60000610351562,257.3999938964844,249.10000610351562,250.60000610351562,394550
249.33822631835938,256.0,258.0,250.9499969482422,255.64999389648438,234601
240.13414001464844,246.5500030517578,255.0,245.0,252.1999969482422,197477
238.91668701171875,245.3000030517578,252.0,241.10000610351562,247.6999969482422,187791
247.09808349609375,253.6999969482422,258.95001220703125,244.5,245.3000030517578,438000
248.41294860839844,255.0500030517578,258.8500061035156,252.0,255.25,171157
250.5070037841797,257.20001220703125,262.29998779296875,255.0,259.0,207829
254.35418701171875,261.1499938964844,263.0,256.1000061035156,258.45001220703125,143921
258.7858581542969,265.70001220703125,267.79998779296875,258.3999938964844,260.70001220703125,406893
248.94863891601562,255.60000610351562,266.6000061035156,254.0,265.6499938964844,241292
246.80587768554688,253.39999389648438,262.5,250.0,257.6000061035156,171399
246.9519805908203,253.5500030517578,256.95001220703125,251.39999389648438,254.3000030517578,97419
253.18544006347656,259.95001220703125,266.5,254.14999389648438,254.6999969482422,356517
259.6623840332031,266.6000061035156,270.5,258.3999938964844,261.25,324650
266.04193115234375,273.1499938964844,275.0,267.54998779296875,269.45001220703125,558980
270.3761291503906,277.6000061035156,286.5,274.29998779296875,280.1000061035156,1421669
271.057861328125,278.29998779296875,285.8999938964844,276.0,279.5,317244
265.99322509765625,273.1000061035156,282.0,270.75,280.0,214834
261.5129089355469,268.5,275.1000061035156,267.04998779296875,274.1499938964844,189295
259.029296875,265.95001220703125,271.8999938964844,260.45001220703125,267.25,181270
253.03933715820312,259.79998779296875,268.8999938964844,258.25,267.29998779296875,122894
251.7244873046875,258.45001220703125,263.5,252.25,257.0,282666
264.62969970703125,271.70001220703125,274.70001220703125,258.6000061035156,259.0,524504
269.15863037109375,276.3500061035156,279.5,274.1000061035156,278.0,414517
280.11590576171875,287.6000061035156,310.0,277.45001220703125,279.5,3507480
292.1445617675781,299.95001220703125,309.29998779296875,280.0,280.0,3447813
292.8262939453125,300.6499938964844,308.0,296.79998779296875,303.20001220703125,688044
304.46533203125,312.6000061035156,316.25,299.20001220703125,301.6000061035156,1557861
302.0303955078125,310.1000061035156,321.54998779296875,307.20001220703125,314.6000061035156,750678
305.2932434082031,313.45001220703125,317.5,310.0,312.6000061035156,577616
296.5761413574219,304.5,316.3999938964844,302.20001220703125,315.0,346599
340.3077087402344,349.3999938964844,359.8500061035156,300.95001220703125,303.0,4228324
337.58056640625,346.6000061035156,362.54998779296875,337.70001220703125,357.8999938964844,3035434
335.7300109863281,344.70001220703125,352.0,336.0,348.0,1185103
350.0474853515625,359.3999938964844,364.3500061035156,343.6000061035156,345.8999938964844,1842906
342.0121765136719,351.1499938964844,362.79998779296875,348.0,361.20001220703125,646580
336.1195983886719,345.1000061035156,349.95001220703125,343.0,343.0,433732
331.5419006347656,340.3999938964844,353.6499938964844,339.1499938964844,347.70001220703125,385061
339.206787109375,347.3999938964844,368.8500061035156,340.45001220703125,343.70001220703125,2889589
343.4541931152344,351.75,358.8999938964844,346.0,356.0,1381751
339.45086669921875,347.6499938964844,359.95001220703125,346.04998779296875,358.0,713599
339.69500732421875,347.8999938964844,353.75,337.0,349.0,625122
344.67474365234375,353.0,362.25,346.1499938964844,347.45001220703125,917172
330.7119445800781,338.70001220703125,357.0,336.8500061035156,353.70001220703125,426183
301.2242126464844,308.5,337.3999938964844,303.1499938964844,337.3999938964844,719211
321.28955078125,329.04998779296875,334.0,312.8999938964844,312.8999938964844,1075278
317.0909729003906,324.75,334.1499938964844,321.0,323.95001220703125,396748
329.100830078125,337.04998779296875,341.8999938964844,328.20001220703125,331.0,690248
340.47613525390625,348.70001220703125,353.0,331.0,336.5,634981
346.87164306640625,355.25,372.0,347.8999938964844,349.5,2349507
362.5430908203125,371.29998779296875,376.0,355.45001220703125,362.25,1260699
391.00567626953125,400.45001220703125,430.0,376.45001220703125,377.0,6802535
382.8525695800781,392.1000061035156,413.6499938964844,385.5,397.0,2736265
439.4846496582031,450.1000061035156,464.8999938964844,384.29998779296875,386.6499938964844,11764808
420.5910339355469,430.75,461.70001220703125,423.1499938964844,453.79998779296875,4486886
453.4962463378906,464.45001220703125,469.0,422.54998779296875,429.75,7143500
463.89508056640625,475.1000061035156,485.95001220703125,457.0,459.5,6221210
453.93560791015625,464.8999938964844,486.79998779296875,456.04998779296875,486.79998779296875,3710339
426.4494934082031,436.75,464.0,429.0,464.0,2340057
445.4896240234375,456.25,459.0,439.8500061035156,441.79998779296875,2285802
453.20330810546875,464.1499938964844,467.8999938964844,444.04998779296875,457.5,2477415
455.2049255371094,466.20001220703125,472.79998779296875,451.3999938964844,460.79998779296875,1474453
432.8938903808594,443.3500061035156,467.8500061035156,432.95001220703125,464.3999938964844,1611173
427.3282470703125,437.6499938964844,446.8999938964844,433.04998779296875,446.8999938964844,298065
435.0419616699219,445.54998779296875,452.0,434.1499938964844,439.45001220703125,1143399
443.1462097167969,453.8500061035156,456.8999938964844,441.0,446.79998779296875,801267
435.6278381347656,446.1499938964844,458.25,443.0,454.0,683462
436.99481201171875,447.54998779296875,459.0,445.0,448.45001220703125,898913
444.9037780761719,455.6499938964844,462.79998779296875,446.0,449.0,1012384
482.54461669921875,494.20001220703125,501.0,453.6000061035156,457.3999938964844,4288602
492.06463623046875,503.95001220703125,540.0,490.1499938964844,494.0,7656249
497.2884826660156,509.29998779296875,515.75,490.20001220703125,506.0,2749382
504.12335205078125,516.2999877929688,519.9000244140625,500.70001220703125,509.29998779296875,1812897
493.67572021484375,505.6000061035156,520.9000244140625,497.25,517.0,1062800
459.1106262207031,470.20001220703125,508.1499938964844,460.04998779296875,505.0,1532491
450.5670166015625,461.45001220703125,477.1000061035156,452.0,470.0,2177645
452.763916015625,463.70001220703125,482.79998779296875,458.6000061035156,465.0,1801949
473.7080383300781,485.1499938964844,498.3999938964844,452.0,465.95001220703125,1872596
484.2533264160156,495.95001220703125,503.0,481.6499938964844,488.25,2983043
484.4974365234375,496.20001220703125,502.3999938964844,486.6499938964844,492.5,1521502
475.2702941894531,486.75,499.0,482.6000061035156,496.20001220703125,1151893
464.72503662109375,475.95001220703125,488.0,472.0,486.75,884162
503.8304443359375,516.0,518.7999877929688,470.0,473.0,3051334
506.7108459472656,518.9500122070312,534.0,512.0999755859375,517.5,3280519
493.7734069824219,505.70001220703125,523.0,501.8999938964844,518.9500122070312,942303
479.2735900878906,490.8500061035156,512.2999877929688,487.79998779296875,505.70001220703125,889638
484.2533264160156,495.95001220703125,506.1000061035156,487.1000061035156,491.3999938964844,1496312
471.12054443359375,482.5,500.8500061035156,480.0,495.0,947638
499.29010009765625,511.3500061035156,514.6500244140625,480.6000061035156,484.45001220703125,2978287
490.1606140136719,502.0,520.0,496.5,513.9500122070312,1184347
503.8792419433594,516.0499877929688,518.9000244140625,502.0,504.54998779296875,1072119
503.1957702636719,515.3499755859375,535.7999877929688,511.8500061035156,516.9500122070312,1596647
506.076171875,518.2999877929688,522.9500122070312,509.3500061035156,513.0,873305
510.909423828125,523.25,530.0,514.25,517.7000122070312,1023066
532.0488891601562,544.9000244140625,549.7999877929688,519.0999755859375,523.1500244140625,2819086
524.0422973632812,536.7000122070312,556.7999877929688,525.0999755859375,546.2000122070312,2164257
524.4328002929688,537.0999755859375,543.0,526.5,533.8499755859375,785459
523.944580078125,536.5999755859375,547.7000122070312,531.6500244140625,540.0,958844
510.9582824707031,523.2999877929688,541.2000122070312,521.0,538.75,533245
493.57806396484375,505.5,526.75,499.20001220703125,524.9500122070312,913948
472.04815673828125,483.45001220703125,511.04998779296875,480.0,505.5,710058
491.0393981933594,502.8999938964844,506.8500061035156,481.95001220703125,485.3999938964844,707605
506.125,518.3499755859375,522.0,491.75,501.5,1410787
473.8056640625,485.25,524.1500244140625,481.1000061035156,521.5,784306
436.1648864746094,446.70001220703125,490.1000061035156,442.0,487.95001220703125,1370357
389.78509521484375,399.20001220703125,442.29998779296875,392.5,442.29998779296875,1580526
443.9273681640625,454.6499938964844,462.04998779296875,395.0,395.0,2094812
455.8396301269531,466.8500061035156,472.8999938964844,448.6000061035156,459.8999938964844,1267717
444.3667297363281,455.1000061035156,467.54998779296875,451.54998779296875,465.0,469275
466.18963623046875,477.45001220703125,483.1499938964844,448.75,456.0,873505
473.2686462402344,484.70001220703125,494.75,480.0,483.0,594814
469.0212707519531,480.3500061035156,488.29998779296875,474.20001220703125,487.0,414482
480.8846740722656,492.5,502.8999938964844,479.70001220703125,480.3500061035156,1734999
471.5599060058594,482.95001220703125,494.70001220703125,478.04998779296875,490.0,584288
477.07666015625,488.6000061035156,491.8999938964844,480.0,485.1000061035156,637510
465.701416015625,476.95001220703125,488.5,474.04998779296875,488.0,343974
467.3125305175781,478.6000061035156,484.79998779296875,475.0,478.45001220703125,293235
457.59716796875,468.6499938964844,479.45001220703125,465.20001220703125,478.6000061035156,295395
455.0096740722656,466.0,474.70001220703125,463.5,466.0,346976
467.60540771484375,478.8999938964844,482.95001220703125,466.0,467.95001220703125,520188
477.2719421386719,488.79998779296875,492.0,480.0,480.0,498543
489.2818603515625,501.1000061035156,506.0,493.0,493.0,821324
481.2752380371094,492.8999938964844,501.75,488.3500061035156,501.0,312117
476.10028076171875,487.6000061035156,495.3999938964844,486.0,493.0,220085
468.58184814453125,479.8999938964844,487.5,476.29998779296875,486.95001220703125,185737
483.9115905761719,495.6000061035156,502.3999938964844,480.1000061035156,480.8999938964844,916168
480.6405944824219,492.25,506.1000061035156,484.04998779296875,499.45001220703125,399180
476.1490478515625,487.6499938964844,500.79998779296875,483.54998779296875,486.5,387119
475.90496826171875,487.3999938964844,498.8999938964844,476.0,486.0,484355
475.416748046875,486.8999938964844,498.45001220703125,476.0,488.0,482475
469.7535705566406,481.1000061035156,502.79998779296875,472.1000061035156,489.54998779296875,589948
490.3559265136719,502.20001220703125,505.0,487.1499938964844,494.8999938964844,774968
467.654296875,478.95001220703125,529.0999755859375,467.0,507.20001220703125,1319488
481.9098815917969,493.54998779296875,512.0,478.29998779296875,480.95001220703125,702392
470.5346374511719,481.8999938964844,499.20001220703125,477.6499938964844,494.5,374518
469.1676940917969,480.5,491.8999938964844,475.29998779296875,481.8999938964844,359258
481.42169189453125,493.04998779296875,496.29998779296875,480.45001220703125,480.5,324619
471.0228576660156,482.3999938964844,494.20001220703125,480.29998779296875,492.1000061035156,165935
466.8243103027344,478.1000061035156,487.20001220703125,474.1000061035156,485.20001220703125,172315
465.8966979980469,477.1499938964844,490.8999938964844,471.0,478.8999938964844,349124
431.96624755859375,442.3999938964844,480.0,433.0,477.0,788431
439.1429138183594,449.75,455.8500061035156,442.3999938964844,444.75,331745
435.3836975097656,445.8999938964844,452.6000061035156,442.29998779296875,448.54998779296875,249994
437.0924377441406,447.6499938964844,455.0,440.0,449.70001220703125,719321
436.01837158203125,446.54998779296875,451.6499938964844,442.20001220703125,444.04998779296875,246995
442.7408142089844,447.8500061035156,451.79998779296875,439.04998779296875,442.5,197037
431.6685791015625,436.6499938964844,449.75,434.04998779296875,447.45001220703125,152759
414.6153869628906,419.3999938964844,432.0,417.0,431.95001220703125,318870
413.77508544921875,418.54998779296875,427.3999938964844,412.79998779296875,420.95001220703125,243472
418.3720397949219,423.20001220703125,435.79998779296875,420.1000061035156,420.1000061035156,349574
406.3111877441406,411.0,428.79998779296875,406.6000061035156,420.0,306098
407.8929443359375,412.6000061035156,416.0,400.5,413.0,404461
431.718017578125,436.70001220703125,440.8500061035156,413.29998779296875,413.79998779296875,691003
434.6343688964844,439.6499938964844,449.25,436.0,438.29998779296875,359488
433.29974365234375,438.29998779296875,441.95001220703125,433.70001220703125,441.0,266184
433.29974365234375,438.29998779296875,447.0,435.5,440.5,229136
429.4936828613281,434.45001220703125,444.5,429.1000061035156,437.79998779296875,276292
425.5887451171875,430.5,439.1499938964844,428.70001220703125,435.1000061035156,108155
420.2503356933594,425.1000061035156,429.8500061035156,419.0,426.20001220703125,189821
404.7789001464844,409.45001220703125,427.0,407.0,417.1000061035156,205483
402.9499816894531,407.6000061035156,419.5,404.3999938964844,409.04998779296875,199187
400.13250732421875,404.75,417.1499938964844,404.0,411.79998779296875,115341
402.505126953125,407.1499938964844,411.5,398.29998779296875,405.95001220703125,236309
413.5773620605469,418.3500061035156,420.1499938964844,412.0,412.0,153264
415.01080322265625,419.79998779296875,428.45001220703125,411.0,420.0,263162
421.8321228027344,426.70001220703125,430.0,415.8999938964844,420.70001220703125,169826
420.7940673828125,425.6499938964844,431.79998779296875,423.0,428.8500061035156,100312
416.88916015625,421.70001220703125,429.6000061035156,418.3500061035156,422.0,198583
406.16290283203125,410.8500061035156,423.54998779296875,408.75,420.0,84855
401.1705017089844,405.79998779296875,416.0,400.1499938964844,412.3999938964844,144875
395.93096923828125,400.5,412.95001220703125,399.8999938964844,405.5,154281
430.3834228515625,435.3500061035156,439.95001220703125,401.79998779296875,402.0,475057
450.2046813964844,455.3999938964844,474.0,452.29998779296875,466.0,1170320
442.34539794921875,447.45001220703125,460.95001220703125,442.54998779296875,455.3999938964844,283420
458.3605651855469,463.6499938964844,468.0,444.1000061035156,449.3999938964844,471091
455.6913757324219,460.95001220703125,469.3500061035156,457.75,462.3999938964844,288351
452.3301696777344,457.54998779296875,466.79998779296875,455.04998779296875,463.0,244209
460.7826232910156,466.1000061035156,472.0,456.1499938964844,457.5,270504
459.0525817871094,464.3500061035156,482.0,460.79998779296875,466.95001220703125,433822
462.61151123046875,467.95001220703125,471.8999938964844,463.0,465.0,183959
456.9765319824219,462.25,468.3999938964844,460.25,467.3999938964844,231367
448.8206481933594,454.0,466.0,451.25,462.25,174021
453.2198791503906,458.45001220703125,464.75,455.04998779296875,455.6499938964844,194285
454.35675048828125,459.6000061035156,464.70001220703125,457.5,460.3500061035156,132388
449.2160949707031,454.3999938964844,462.0,447.0,462.0,251850
450.50128173828125,455.70001220703125,462.79998779296875,451.6000061035156,457.0,272395
456.67999267578125,461.95001220703125,470.29998779296875,456.8999938964844,457.8999938964844,287036
451.0450134277344,456.25,464.1000061035156,455.0,463.3999938964844,154825
452.2807312011719,457.5,464.0,455.0,457.0,192904
457.22369384765625,462.5,466.8500061035156,458.0,459.0,203395
490.2920837402344,495.95001220703125,499.04998779296875,462.95001220703125,465.70001220703125,1048645
504.9232482910156,510.75,525.3499755859375,498.0,498.0,1945791
499.0411071777344,504.79998779296875,512.25,495.0,510.6000061035156,470951
498.0030822753906,503.75,512.0999755859375,501.75,507.79998779296875,310174
490.786376953125,496.45001220703125,509.6000061035156,491.1000061035156,507.29998779296875,309789
485.74456787109375,491.3500061035156,504.0,486.04998779296875,498.95001220703125,255196
508.185546875,514.0499877929688,515.8499755859375,495.0,495.8999938964844,834209
502.2539978027344,508.04998779296875,519.7000122070312,502.0,517.7999877929688,399423
501.31488037109375,507.1000061035156,512.7000122070312,499.0,509.0,204150
500.0791320800781,505.8500061035156,516.7999877929688,503.29998779296875,507.0,315213
512.0905151367188,518.0,529.7999877929688,506.79998779296875,507.0,1387668
510.2121887207031,516.0999755859375,526.0,509.04998779296875,520.0,442743
508.2844543457031,514.1500244140625,519.7999877929688,510.5,518.5999755859375,200981
501.21600341796875,507.0,516.6500244140625,501.3500061035156,514.5,203076
472.4974670410156,477.95001220703125,505.8999938964844,476.0,505.8999938964844,645473
473.1400146484375,478.6000061035156,489.0,474.25,480.1000061035156,430240
475.9574890136719,481.45001220703125,487.0,467.20001220703125,481.0,248044
448.6229248046875,453.79998779296875,467.1499938964844,446.0,450.0,767907
454.50506591796875,459.75,473.0,453.6000061035156,457.3999938964844,480982
454.5544738769531,459.79998779296875,468.1000061035156,458.0,460.5,261005
452.2312927246094,457.45001220703125,463.45001220703125,452.6499938964844,462.75,233413
449.61151123046875,454.79998779296875,468.29998779296875,451.04998779296875,460.04998779296875,327333
451.1932678222656,456.3999938964844,462.20001220703125,454.79998779296875,456.79998779296875,231020
458.1134033203125,463.3999938964844,469.0,458.0,459.3999938964844,437061
499.23883056640625,505.0,526.0,464.54998779296875,467.0,5322415
502.4023132324219,508.20001220703125,523.4000244140625,495.8999938964844,506.0,2671455
499.63427734375,505.3999938964844,517.7999877929688,502.8500061035156,514.0,828089
491.77496337890625,497.45001220703125,514.9500122070312,494.20001220703125,509.1000061035156,537691
501.9574890136719,507.75,512.7999877929688,490.8500061035156,497.29998779296875,773118
558.2577514648438,564.7000122070312,573.0,508.8500061035156,510.29998779296875,8308265
556.77490234375,563.2000122070312,573.4000244140625,555.0,556.75,2450979
542.48974609375,548.75,567.9500122070312,546.0999755859375,563.2000122070312,1058182
542.9840087890625,549.25,564.9000244140625,543.25,549.0,1123109
583.1702880859375,589.9000244140625,600.4000244140625,550.0,553.0,5709517
591.326171875,598.1500244140625,608.0,590.0,594.7999877929688,1900833
586.2843627929688,593.0499877929688,605.5,575.0499877929688,597.0,2103018
571.4060668945312,578.0,619.0,575.0999755859375,596.0,2482743
571.4554443359375,578.0499877929688,592.9500122070312,565.0,581.0999755859375,1174093
555.09423828125,561.5,580.9000244140625,553.2999877929688,578.0,748381
583.5162963867188,590.25,593.0,560.1500244140625,563.7999877929688,1603543
574.470703125,581.0999755859375,594.7000122070312,578.0999755859375,593.4500122070312,509910
573.1854248046875,579.7999877929688,585.9500122070312,574.0499877929688,585.0,469532
568.73681640625,575.2999877929688,587.7999877929688,571.5,581.9500122070312,470905
570.4668579101562,577.0499877929688,593.1500244140625,573.9000244140625,576.0,616476
555.9345092773438,562.3499755859375,580.5999755859375,559.0,579.0,410338
561.2235107421875,567.7000122070312,575.0,562.3499755859375,565.0999755859375,302530
564.9801635742188,571.5,577.0,565.1500244140625,570.9500122070312,320422
569.478271484375,576.0499877929688,587.0,562.75,572.0,758870
573.23486328125,579.8499755859375,590.0,567.0,579.0,1262471
609.26904296875,616.2999877929688,636.7999877929688,585.0999755859375,585.9000244140625,7978689
605.2159423828125,612.2000122070312,624.2999877929688,604.4000244140625,617.0,2557665
594.8850708007812,601.75,624.0,596.6500244140625,612.0,1422587
577.3375854492188,584.0,608.2999877929688,565.5499877929688,606.0,829499
600.9154663085938,607.8499755859375,621.0999755859375,588.0999755859375,589.9000244140625,1983672
597.06005859375,603.9500122070312,615.25,596.0,610.9000244140625,781621
586.5314331054688,593.2999877929688,607.8499755859375,590.0,605.0,515420
599.5808715820312,606.5,618.3499755859375,593.0499877929688,593.2999877929688,1392270
592.6607666015625,599.5,614.75,596.5999755859375,607.0,722639
601.459228515625,608.4000244140625,614.7000122070312,596.9000244140625,601.9500122070312,615435
594.440185546875,601.2999877929688,635.9000244140625,593.0,611.5,2539624
600.7178344726562,607.6500244140625,615.9000244140625,601.1500244140625,604.9500122070312,650311
600.9154663085938,607.8499755859375,617.5999755859375,603.5499877929688,609.0,489913
611.6416625976562,618.7000122070312,632.0,606.6500244140625,609.2000122070312,1276389
613.8165893554688,620.9000244140625,624.0,612.0,618.7000122070312,451313
617.1777954101562,624.2999877929688,634.5,618.5499877929688,623.9500122070312,1041906
594.8850708007812,601.75,625.75,581.0999755859375,624.2999877929688,863333
598.3451538085938,605.25,614.1500244140625,596.0,600.0,529119
593.3033447265625,600.1500244140625,610.4500122070312,595.3499755859375,606.0,316148
591.77099609375,598.5999755859375,609.4500122070312,595.0,602.7999877929688,258369
585.0980224609375,591.8499755859375,603.4500122070312,589.25,601.0999755859375,260667
585.9383544921875,592.7000122070312,602.5,591.2000122070312,594.75,294773
588.2615356445312,595.0499877929688,605.1500244140625,590.6500244140625,596.2000122070312,261101
575.755859375,582.4000244140625,598.9000244140625,577.0499877929688,597.7000122070312,385912
649.9990234375,657.5,666.5,595.2999877929688,610.0,8368871
767.4437255859375,776.2999877929688,789.0,651.7000122070312,659.8499755859375,11983540
771.1510009765625,780.0499877929688,831.9000244140625,771.6500244140625,777.9000244140625,7808779
740.0103149414062,748.5499877929688,783.5999755859375,741.5999755859375,774.25,2989896
753.949462890625,762.6500244140625,773.5,735.0999755859375,752.8499755859375,2667733
755.0369262695312,763.75,778.4000244140625,752.1500244140625,770.2000122070312,906267
789.43994140625,798.5499877929688,823.4000244140625,763.0,763.0,3639252
776.341064453125,785.2999877929688,806.7999877929688,780.0,803.0,1014763
779.949462890625,788.9500122070312,818.0,774.0,795.0999755859375,1322887
794.0369262695312,803.2000122070312,843.9000244140625,796.8499755859375,800.0,2643290
784.6947021484375,793.75,814.0999755859375,786.5999755859375,810.0,806741
793.8886108398438,803.0499877929688,833.4500122070312,786.7000122070312,794.9500122070312,2921109
808.0254516601562,817.3499755859375,824.7999877929688,798.0999755859375,806.4500122070312,1459457
806.4436645507812,815.75,841.25,811.0999755859375,819.7000122070312,1206367
808.0254516601562,817.3499755859375,835.0,809.4000244140625,816.0,1128705
820.7289428710938,830.2000122070312,843.0,813.0999755859375,821.4500122070312,1216756
811.732666015625,821.0999755859375,832.0,813.0,830.2000122070312,615272
896.5538940429688,906.9000244140625,966.4000244140625,816.7999877929688,819.0499877929688,14969899
875.2002563476562,885.2999877929688,974.7999877929688,879.0499877929688,924.75,10954186
887.6565551757812,897.9000244140625,908.0,878.0,894.9000244140625,2043777
805.5045166015625,814.7999877929688,906.0,802.6500244140625,897.9000244140625,2686141
789.8353881835938,798.9500122070312,839.9000244140625,776.0999755859375,818.6500244140625,2249820
783.9038696289062,792.9500122070312,809.7999877929688,789.0,806.5,951609
835.9992065429688,844.9000244140625,859.9000244140625,793.6500244140625,795.0,5059649
814.6762084960938,823.3499755859375,869.0,818.2999877929688,854.4500122070312,1972743
834.7128295898438,843.5999755859375,852.0,805.0,814.1500244140625,2361293
821.107666015625,829.8499755859375,851.3499755859375,817.5,844.4500122070312,962791
800.2300415039062,808.75,836.5,800.5,834.5,969703
787.9606323242188,796.3499755859375,815.9500122070312,786.2000122070312,812.2999877929688,739418
835.2571411132812,844.1500244140625,862.75,791.2999877929688,796.5,4995911
826.2034912109375,835.0,853.25,831.0999755859375,841.8499755859375,1425920
819.870849609375,828.5999755859375,843.3499755859375,825.0,838.0,603886
832.2391967773438,841.0999755859375,855.0,825.0999755859375,832.5,1394027
821.256103515625,830.0,844.9500122070312,826.5499877929688,844.5499877929688,423055
797.8058471679688,806.2999877929688,827.7999877929688,795.3499755859375,827.7999877929688,685298
808.4920043945312,817.0999755859375,844.0,810.2999877929688,810.3499755859375,1312381
808.145751953125,816.75,826.7999877929688,808.0,822.0,562034
777.4723510742188,785.75,806.9000244140625,781.2000122070312,806.9000244140625,646201
792.907958984375,801.3499755859375,816.75,797.6500244140625,807.0,683892
795.6785278320312,804.1500244140625,812.9500122070312,799.0,805.6500244140625,466147
792.907958984375,801.3499755859375,813.75,796.25,807.9500122070312,371892
790.3353881835938,798.75,808.2000122070312,795.75,798.4500122070312,456531
802.8026123046875,811.3499755859375,816.9000244140625,795.5999755859375,802.9000244140625,834465
797.4100341796875,805.9000244140625,820.0,804.5,818.0,470772
785.7838745117188,794.1500244140625,815.0,784.5499877929688,810.2999877929688,550762
779.9459838867188,788.25,797.0,786.0,790.0,300017
750.2125854492188,758.2000122070312,792.5999755859375,750.6500244140625,791.9000244140625,694857
692.2793579101562,699.6500244140625,767.9000244140625,693.0,759.0,976476
676.0521240234375,683.25,721.9500122070312,668.0,703.5499877929688,834757
734.6284790039062,742.4500122070312,762.4500122070312,648.2999877929688,682.9000244140625,2838282
755.4567260742188,763.5,781.9000244140625,740.0,754.3499755859375,2169160
734.3811645507812,742.2000122070312,761.5999755859375,730.0499877929688,761.5999755859375,621277
735.1232299804688,742.9500122070312,761.0,739.0,746.0,455174
727.3558349609375,735.0999755859375,747.2999877929688,730.0999755859375,746.7999877929688,324890
733.5400390625,741.3499755859375,749.7000122070312,736.3499755859375,741.7000122070312,235074
735.1726684570312,743.0,752.0,740.5499877929688,744.9500122070312,235202
754.7640991210938,762.7999877929688,771.5999755859375,740.0499877929688,746.9000244140625,899720
767.1323852539062,775.2999877929688,781.8499755859375,762.9500122070312,762.9500122070312,822203
768.121826171875,776.2999877929688,788.7999877929688,768.0,779.2000122070312,468486
771.189208984375,779.4000244140625,787.7999877929688,773.2999877929688,779.3499755859375,506672
765.8460693359375,774.0,791.25,771.0,783.2999877929688,588785
760.6019897460938,768.7000122070312,781.0499877929688,765.5,781.0499877929688,279237
782.0238647460938,790.3499755859375,799.5499877929688,768.7000122070312,776.2999877929688,907947
775.2460327148438,783.5,799.25,780.0,794.0,459757
767.5776977539062,775.75,787.0,770.0,781.2000122070312,334522
778.0659790039062,786.3499755859375,795.0,767.2000122070312,779.6500244140625,502609
801.4174194335938,809.9500122070312,817.2000122070312,780.2000122070312,789.9500122070312,1628794
796.6184692382812,805.0999755859375,823.9000244140625,794.5,813.2999877929688,644736
825.01611328125,833.7999877929688,844.7999877929688,805.2000122070312,808.9000244140625,3174679
825.2140502929688,834.0,844.9500122070312,829.5,837.7000122070312,1128392
820.7119750976562,829.4500122070312,843.6500244140625,826.0,838.0999755859375,631948
820.8603515625,829.5999755859375,845.7999877929688,826.5,833.9000244140625,613548
838.1759643554688,847.0999755859375,849.9000244140625,812.5,834.0,1698735
827.1929931640625,836.0,854.4500122070312,831.9000244140625,850.7999877929688,663460
832.783447265625,841.6500244140625,851.0,836.9000244140625,843.5999755859375,499222
827.7371215820312,836.5499877929688,854.0,825.25,845.0,680630
852.6716918945312,861.75,871.9000244140625,828.2000122070312,840.9000244140625,2979065
838.9675903320312,847.9000244140625,865.4500122070312,845.0,864.6500244140625,772067
823.630859375,832.4000244140625,863.9000244140625,830.0,849.75,616053
832.9813232421875,841.8499755859375,849.5,836.0499877929688,836.9500122070312,389391
825.16455078125,833.9500122070312,849.0499877929688,830.0,845.9500122070312,320664
822.9382934570312,831.7000122070312,840.25,827.25,836.5,393028
825.01611328125,833.7999877929688,845.0,830.0,836.5999755859375,418135
819.227783203125,827.9500122070312,841.2000122070312,822.7000122070312,837.0499877929688,379587
824.71923828125,833.5,845.0,828.0499877929688,830.25,478121
840.649658203125,849.5999755859375,882.0,834.7000122070312,836.0,2908041
798.1026611328125,806.5999755859375,858.9000244140625,793.75,854.75,1108849
808.4425659179688,817.0499877929688,835.0,790.0,806.0,1134947
811.0151977539062,819.6500244140625,834.7000122070312,813.25,821.7999877929688,424135
863.0115966796875,872.2000122070312,884.75,820.0,822.0,3921279
861.97265625,871.1500244140625,904.5,862.0,878.0499877929688,3060990
851.7811279296875,860.8499755859375,881.7999877929688,854.0999755859375,875.3499755859375,968297
864.050537109375,873.25,893.0,860.25,865.0,1448171
864.5947265625,873.7999877929688,886.7999877929688,870.0,874.0,604835
855.887451171875,865.0,878.6500244140625,851.0999755859375,878.6500244140625,465924
858.9053344726562,868.0499877929688,877.0,860.0499877929688,865.0,537995
854.6011352539062,863.7000122070312,889.9000244140625,860.0999755859375,872.4000244140625,952233
854.502197265625,863.5999755859375,877.0,856.75,867.9000244140625,422997
855.5906372070312,864.7000122070312,875.75,854.9000244140625,865.0,480205
853.6116943359375,862.7000122070312,882.1500244140625,860.4000244140625,869.0499877929688,861695
895.9607543945312,905.5,910.75,863.0999755859375,866.2999877929688,4321529
875.7262573242188,885.0499877929688,916.9000244140625,880.25,907.0,1696471
866.969482421875,876.2000122070312,891.75,875.0,890.0,497315
883.83984375,893.25,909.9000244140625,870.8499755859375,877.0,1136044
874.3904418945312,883.7000122070312,924.7000122070312,872.1500244140625,894.0,2148923
887.5503540039062,897.0,921.5,870.0999755859375,881.0,2319823
872.362060546875,881.6500244140625,911.0,861.0,897.0499877929688,1055131
879.0408935546875,888.4000244140625,897.0,881.0,886.0999755859375,578086
886.9566650390625,896.4000244140625,946.4000244140625,885.0499877929688,928.0,1538702
888.8860473632812,898.3499755859375,912.0,865.0499877929688,896.4000244140625,818922
900.314453125,909.9000244140625,951.0,903.3499755859375,903.4000244140625,1313121
895.6639404296875,905.2000122070312,918.4500122070312,900.0,916.0,442791
893.38818359375,902.9000244140625,917.5,900.0,908.0,780334
921.1427001953125,930.9500122070312,943.75,911.0499877929688,930.0,1162408
910.4069213867188,920.0999755859375,947.3499755859375,910.7000122070312,936.2000122070312,950915
881.5640869140625,890.9500122070312,924.75,886.5999755859375,924.75,651993
868.7999267578125,878.0499877929688,897.5999755859375,871.0,895.9000244140625,580336
861.280029296875,870.4500122070312,882.0,863.25,880.2000122070312,428511
866.7221069335938,875.9500122070312,880.7000122070312,872.5,874.7999877929688,216028
882.7019653320312,892.0999755859375,903.7999877929688,865.5,878.9500122070312,946511
859.5484619140625,868.7000122070312,897.1500244140625,855.5499877929688,897.1500244140625,536664
765.5987548828125,773.75,864.0499877929688,755.0,863.0,1088054
789.1974487304688,797.5999755859375,810.9500122070312,750.0,794.0,806840
802.7036743164062,811.25,819.0,775.0,795.0,497558
805.91943359375,814.5,829.5,810.0999755859375,819.9000244140625,324876
782.122802734375,790.4500122070312,833.6500244140625,788.0,824.2000122070312,582627
830.8045043945312,839.6500244140625,847.4500122070312,801.0,801.0,889120
816.55615234375,825.25,839.6500244140625,817.0999755859375,839.6500244140625,380066
799.3889770507812,807.9000244140625,829.3499755859375,803.0999755859375,829.2999877929688,285878
806.2162475585938,814.7999877929688,828.0,792.3499755859375,811.0499877929688,403678
822.3230590820312,823.0,837.1500244140625,808.3499755859375,813.0,376052
811.9315795898438,812.5999755859375,828.7999877929688,808.9000244140625,822.0,255474
800.1912231445312,800.8499755859375,824.0,796.5999755859375,812.5999755859375,251978
805.2371215820312,805.9000244140625,859.6500244140625,798.0499877929688,806.9500122070312,2278219
813.0806274414062,813.75,816.4500122070312,799.0,809.0,396407
817.17724609375,817.8499755859375,827.0,814.0,816.0,238069
818.7260131835938,819.4000244140625,838.2000122070312,810.0999755859375,817.7000122070312,408001
834.56298828125,835.25,849.4500122070312,821.75,828.0,1086883
805.8865356445312,806.5499877929688,834.9500122070312,796.0499877929688,834.9500122070312,533247
808.2346801757812,808.9000244140625,827.0,806.5,810.7000122070312,287030
795.894775390625,796.5499877929688,813.4500122070312,795.0,812.4000244140625,252136
768.2175903320312,768.8499755859375,799.4500122070312,763.7000122070312,796.9500122070312,344117
685.2359008789062,685.7999877929688,780.0,673.4500122070312,765.0499877929688,895016
726.35205078125,726.9500122070312,733.25,683.3499755859375,686.2000122070312,574460
760.124267578125,760.75,767.4500122070312,718.9000244140625,732.5499877929688,994227
761.3732299804688,762.0,772.8499755859375,757.0,760.75,300605
760.923583984375,761.5499877929688,774.7000122070312,753.6500244140625,755.2000122070312,365847
750.632080078125,751.25,768.0999755859375,744.0,764.0,285204
761.722900390625,762.3499755859375,776.2000122070312,757.0499877929688,760.0,370356
780.2576904296875,780.9000244140625,793.3499755859375,757.0,762.3499755859375,707306
789.9496459960938,790.5999755859375,796.7000122070312,775.5,791.5,350818
776.260986328125,776.9000244140625,798.75,768.0,794.9000244140625,437350
764.0709838867188,764.7000122070312,788.8499755859375,762.1500244140625,782.0,471323
806.7359008789062,807.4000244140625,823.0,779.4500122070312,798.0,1656396
824.371337890625,825.0499877929688,829.5,802.0,809.7000122070312,994021
882.02392578125,882.75,904.0,820.0999755859375,822.0499877929688,7045898
887.2196044921875,887.9500122070312,893.0,864.0,887.0,1389343
897.4112548828125,898.1500244140625,929.7999877929688,880.0999755859375,886.7000122070312,3229226
913.9476318359375,914.7000122070312,930.0,894.0,902.5,2491544
896.511962890625,897.25,920.25,888.5,919.0,731085
880.675048828125,881.4000244140625,901.75,878.2000122070312,897.25,515399
881.1746215820312,881.9000244140625,911.0,877.6500244140625,880.75,714124
859.0927734375,859.7999877929688,878.4500122070312,836.0499877929688,858.0999755859375,675890
883.8223876953125,884.5499877929688,901.75,845.2000122070312,849.6500244140625,1227987
863.9387817382812,864.6500244140625,898.5,860.6500244140625,891.0,448847
869.7340087890625,870.4500122070312,886.0,848.5999755859375,850.0,876663
867.935546875,868.6500244140625,887.0,861.1500244140625,885.0,403899
957.2119750976562,958.0,969.0,869.7999877929688,869.7999877929688,7171326
982.740966796875,983.5499877929688,1018.5,970.2000122070312,974.5,4223795
1022.9078979492188,1023.75,1077.8499755859375,970.75,985.0,7794493
998.0283813476562,998.8499755859375,1042.4000244140625,991.0499877929688,1029.0,1569294
1000.37646484375,1001.2000122070312,1017.6500244140625,986.1500244140625,1009.3499755859375,844804
988.2364501953125,989.0499877929688,1019.7000122070312,985.0,1005.0,697236
989.8351440429688,990.6500244140625,1019.0,971.2999877929688,990.0,1319033
1001.2257690429688,1002.0499877929688,1011.7999877929688,971.0999755859375,994.4000244140625,952374
953.8648071289062,954.6500244140625,1010.2000122070312,950.0,1010.0,883018
912.6487426757812,913.4000244140625,976.0,906.75,958.4000244140625,1352680
929.18505859375,929.9500122070312,948.0,908.25,914.7999877929688,1108353
899.9091796875,900.6500244140625,939.7999877929688,881.0,933.0,782695
911.7993774414062,912.5499877929688,924.0,890.5,902.0,671588
906.154052734375,906.9000244140625,928.0,891.0,914.8499755859375,702634
984.5894775390625,985.4000244140625,991.9500122070312,911.0,913.0499877929688,2828234
978.6443481445312,979.4500122070312,987.7999877929688,960.2000122070312,980.0,1153889
990.0849609375,990.9000244140625,995.75,973.0,982.1500244140625,1010615
1083.4580078125,1084.3499755859375,1094.800048828125,995.0499877929688,996.0,5745300
1212.3519287109375,1213.3499755859375,1235.0,1093.050048828125,1134.9000244140625,6509026
1191.6190185546875,1192.5999755859375,1236.0,1177.0,1213.3499755859375,2816054
1424.4273681640625,1425.5999755859375,1431.0999755859375,1300.0,1314.0,14603622
1458.499267578125,1459.699951171875,1508.0,1372.0,1400.0,8164728
1420.3807373046875,1421.550048828125,1522.449951171875,1404.050048828125,1475.0,3695547
1401.9459228515625,1403.0999755859375,1430.550048828125,1358.050048828125,1419.9000244140625,1751271
1443.5616455078125,1444.75,1460.0,1369.449951171875,1390.0,2864671
1410.13916015625,1411.300048828125,1457.300048828125,1403.199951171875,1439.050048828125,1218185
1368.273681640625,1369.4000244140625,1421.300048828125,1357.0,1415.0,1287442
1416.18408203125,1417.3499755859375,1485.0,1396.050048828125,1485.0,1117229
1274.6007080078125,1275.6500244140625,1399.050048828125,1275.6500244140625,1399.050048828125,1383908
1179.1793212890625,1180.1500244140625,1259.949951171875,1148.0999755859375,1259.949951171875,2970705
1297.082275390625,1298.1500244140625,1298.1500244140625,1213.1500244140625,1217.0,1834439
1352.38671875,1353.5,1408.0,1320.199951171875,1327.0,2693039
1323.91015625,1325.0,1373.800048828125,1317.0,1368.9000244140625,844779
1327.25732421875,1328.3499755859375,1386.449951171875,1322.1500244140625,1340.0,1075126
1364.177001953125,1365.300048828125,1371.0,1328.4000244140625,1335.0,1088153
1533.787353515625,1535.050048828125,1573.0,1353.5,1379.0,5663976
1628.6593017578125,1630.0,1686.949951171875,1526.0,1579.800048828125,11892498
1846.0303955078125,1847.550048828125,1888.0,1641.199951171875,1645.0,14576795
1768.94384765625,1770.4000244140625,1903.5,1750.0,1858.0,5457899
1759.7513427734375,1761.199951171875,1805.800048828125,1726.0999755859375,1775.0,2538518
1642.8975830078125,1644.25,1769.5999755859375,1632.75,1738.0,3005182
1751.657958984375,1753.0999755859375,1819.300048828125,1720.0,1724.0999755859375,7499773
1944.4493408203125,1946.050048828125,2065.0,1753.0999755859375,1763.8499755859375,20215533
2085.782958984375,2087.5,2162.0,1970.0,1970.0,19131293
2120.3544921875,2122.10009765625,2174.699951171875,2065.050048828125,2105.0,10068220
2097.37353515625,2099.10009765625,2153.64990234375,2051.0,2134.0,3398709
2304.602783203125,2306.5,2309.0,2127.699951171875,2127.699951171875,9513296
2403.5712890625,2405.550048828125,2473.949951171875,2331.300048828125,2337.0,7084172
2457.077392578125,2459.10009765625,2478.39990234375,2325.0,2450.0,5490800
2666.604736328125,2668.800048828125,2697.0,2419.0,2460.0,10822653
2708.420166015625,2710.64990234375,2833.800048828125,2546.050048828125,2676.89990234375,8211761
2598.5107421875,2600.64990234375,2785.449951171875,2581.550048828125,2716.89990234375,3972546
2544.0556640625,2546.14990234375,2670.0,2480.050048828125,2630.0,2412591
2469.167236328125,2471.199951171875,2622.0,2426.14990234375,2568.89990234375,2128812
2592.61572265625,2594.75,2594.75,2515.0,2515.0,3098954
2586.071044921875,2588.199951171875,2677.0,2568.0,2660.0,1644765
2494.046875,2496.10009765625,2598.699951171875,2488.0,2594.0,1089181
2560.442138671875,2562.550048828125,2590.85009765625,2447.0,2503.89990234375,1868013
2530.366943359375,2532.449951171875,2618.0,2442.85009765625,2589.449951171875,2144098
2453.33056640625,2455.35009765625,2604.0,2421.550048828125,2533.0,1858841
2566.137451171875,2568.25,2578.10009765625,2380.199951171875,2425.0,2893707
2439.19189453125,2441.199951171875,2635.0,2439.85009765625,2578.0,3762141
2376.9931640625,2378.949951171875,2470.0,2370.0,2441.0,1236916
2258.14111328125,2260.0,2359.550048828125,2260.0,2328.0,1686099
2210.929931640625,2212.75,2308.199951171875,2205.0,2230.0,1406510
2321.43896484375,2323.35009765625,2323.35009765625,2210.60009765625,2248.0,1683330
2437.493408203125,2439.5,2439.5,2342.0,2366.949951171875,1214676
2403.5712890625,2405.550048828125,2510.5,2384.050048828125,2488.0,1348238
2348.366943359375,2350.300048828125,2474.0,2330.0,2448.0,793156
2324.686279296875,2326.60009765625,2388.800048828125,2285.0,2295.0,753818
2208.48193359375,2210.300048828125,2266.0,2210.300048828125,2216.10009765625,1044477
2098.07275390625,2099.800048828125,2263.949951171875,2099.800048828125,2206.0,1283335
2177.15771484375,2178.949951171875,2224.949951171875,1963.949951171875,2132.0,2791493
2084.733642578125,2086.449951171875,2208.949951171875,2071.0,2178.0,1771919
2053.359619140625,2055.050048828125,2160.0,2031.800048828125,2134.89990234375,1740077
2007.4974365234375,2009.1500244140625,2053.25,1986.0,2024.949951171875,1043546
1949.695068359375,1951.300048828125,2034.5999755859375,1940.449951171875,2030.0,799969
1965.082275390625,1966.699951171875,2006.800048828125,1891.300048828125,1960.949951171875,1400895
1965.0323486328125,1966.6500244140625,2004.4000244140625,1936.25,1999.0,801430
1920.0693359375,1921.6500244140625,2012.5999755859375,1916.0,1960.0,791411
1774.589111328125,1776.050048828125,1917.949951171875,1751.550048828125,1904.9000244140625,2942955
1799.8682861328125,1801.3499755859375,1864.9000244140625,1732.0,1740.0,2650000
1749.7095947265625,1751.1500244140625,1828.699951171875,1747.0,1828.699951171875,1214323
1763.2984619140625,1764.75,1845.8499755859375,1743.25,1750.0,1833693
1787.7783203125,1789.25,1815.8499755859375,1759.0,1815.0,749700
1776.2877197265625,1777.75,1812.0,1772.4000244140625,1790.0999755859375,604641
1772.041259765625,1773.5,1812.0,1770.0,1788.800048828125,646857
1755.6048583984375,1757.050048828125,1788.949951171875,1741.0999755859375,1778.4000244140625,521154
1809.5103759765625,1811.0,1877.949951171875,1733.3499755859375,1770.050048828125,2480956
1829.793701171875,1831.300048828125,1862.5999755859375,1790.0,1818.0,1183854
1911.576416015625,1913.1500244140625,1974.800048828125,1857.050048828125,1879.199951171875,5277573
1959.8365478515625,1961.449951171875,1994.949951171875,1920.0,1920.0,2998200
1899.7362060546875,1901.300048828125,1984.800048828125,1887.0,1976.699951171875,1446809
1829.9935302734375,1831.5,1899.9000244140625,1824.0,1899.8499755859375,978980
1786.279541015625,1787.75,1852.75,1771.0,1834.0,843188
1788.427734375,1789.9000244140625,1820.0,1776.9000244140625,1796.699951171875,546974
1755.7047119140625,1757.1500244140625,1795.949951171875,1755.0,1793.949951171875,364803
1749.2598876953125,1750.699951171875,1782.199951171875,1743.050048828125,1767.9000244140625,465123
1779.300048828125,1779.300048828125,1799.949951171875,1744.0,1759.0,607275
1751.550048828125,1751.550048828125,1789.449951171875,1747.0,1789.449951171875,363350
1726.699951171875,1726.699951171875,1780.0,1717.5999755859375,1765.0,503350
1717.0999755859375,1717.0999755859375,1772.0,1704.0,1731.5,608544
1700.949951171875,1700.949951171875,1812.949951171875,1670.25,1810.050048828125,2151421
1855.5999755859375,1855.5999755859375,1871.0,1672.0,1709.5,5810787
1801.050048828125,1801.050048828125,1874.199951171875,1794.0,1855.6500244140625,1447221
1755.949951171875,1755.949951171875,1800.0,1750.1500244140625,1800.0,680934
1718.8499755859375,1718.8499755859375,1795.050048828125,1711.0,1755.0,791630
1705.3499755859375,1705.3499755859375,1733.300048828125,1690.050048828125,1724.0,600097
1698.199951171875,1698.199951171875,1735.3499755859375,1691.699951171875,1709.0,516282
1722.3499755859375,1722.3499755859375,1732.5,1671.0999755859375,1693.0,736079
1708.0999755859375,1708.0999755859375,1733.0999755859375,1701.0999755859375,1724.0,318718
1658.4000244140625,1658.4000244140625,1694.300048828125,1655.0,1670.0,499934
1659.6500244140625,1659.6500244140625,1697.0,1597.449951171875,1658.4000244140625,1207497
1538.1500244140625,1538.1500244140625,1674.0,1501.0,1660.0,1218102
1664.0999755859375,1664.0999755859375,1684.800048828125,1511.199951171875,1532.0,2039399
1636.3499755859375,1636.3499755859375,1706.3499755859375,1626.0999755859375,1672.449951171875,885531
1742.800048828125,1742.800048828125,1788.800048828125,1651.8499755859375,1655.0,4985663
1748.1500244140625,1748.1500244140625,1775.0,1724.0,1753.699951171875,1370623
1698.050048828125,1698.050048828125,1754.949951171875,1688.050048828125,1747.5999755859375,650845
1773.8499755859375,1773.8499755859375,1838.800048828125,1682.050048828125,1698.949951171875,3354735
1778.75,1778.75,1809.0,1742.0999755859375,1772.800048828125,1081766
1744.699951171875,1744.699951171875,1790.0,1735.0,1787.6500244140625,595787
1764.6500244140625,1764.6500244140625,1829.0,1684.4000244140625,1744.699951171875,3006209
1804.0999755859375,1804.0999755859375,1870.0,1793.0,1800.0,2590482
1573.699951171875,1573.699951171875,1800.0,1462.4000244140625,1800.0,3426226
1609.75,1609.75,1652.949951171875,1535.0999755859375,1591.949951171875,1470667
1586.5,1586.5,1657.3499755859375,1578.0,1599.949951171875,843328
1505.300048828125,1505.300048828125,1587.5999755859375,1489.050048828125,1585.0,951494
1521.5999755859375,1521.5999755859375,1564.4000244140625,1469.4000244140625,1510.0,641421
1549.3499755859375,1549.3499755859375,1573.699951171875,1517.300048828125,1526.1500244140625,498413
1605.949951171875,1605.949951171875,1625.0,1565.0,1565.0,671898
1614.5,1614.5,1625.0,1575.550048828125,1609.550048828125,380591
1610.5,1610.5,1628.8499755859375,1605.0,1618.0,170192
1542.8499755859375,1542.8499755859375,1621.4000244140625,1540.0,1608.0,439869
1548.6500244140625,1548.6500244140625,1579.9000244140625,1510.550048828125,1540.0,691343
1589.1500244140625,1589.1500244140625,1605.0,1556.949951171875,1557.5,517034
1575.699951171875,1575.699951171875,1614.0,1570.050048828125,1595.0,343180
1526.1500244140625,1526.1500244140625,1579.9000244140625,1520.800048828125,1575.0,260980
1496.1500244140625,1496.1500244140625,1529.0,1487.5,1518.050048828125,275218
1462.550048828125,1462.550048828125,1523.0,1458.1500244140625,1499.949951171875,273441
1384.199951171875,1384.199951171875,1457.300048828125,1370.0,1454.0,703813
1406.4000244140625,1406.4000244140625,1470.0,1375.0,1438.4000244140625,828483
1387.4000244140625,1387.4000244140625,1432.949951171875,1371.0999755859375,1428.8499755859375,500890
1409.25,1409.25,1456.0,1401.4000244140625,1422.0,411727
1381.6500244140625,1381.6500244140625,1424.9000244140625,1377.5999755859375,1422.0,394303
1375.300048828125,1375.300048828125,1398.0,1371.0,1391.9000244140625,336103
1443.050048828125,1443.050048828125,1450.0,1415.0,1434.8499755859375,463461
1539.800048828125,1539.800048828125,1579.0,1438.3499755859375,1449.699951171875,2342205
